TransactionID,CapturedDate,SettlementDate,Amount,TransactionStatusTypeID,CreditCardAccountID,CardNumberMasked,NameOnCard,City,State,ZipCode,MerchantName,IssuingBankName,FirstName,LastName,Email,is_fraud,fraud_type,fraud_score,fraud_flags
4526066,2025-10-18 13:21:37,2025-10-19 13:21:37,401.98,5,9890,XXXXXXXXXXXX8666,Sarah Wilson,Indianapolis,IN,81335,Apple,WELLS FARGO,Sarah,Wilson,sarah.wilson@example.com,False,LEGITIMATE,0,
4526067,2025-10-18 13:40:37,2025-10-19 13:40:37,133.04,5,11591,XXXXXXXXXXXX5564,Linda Miller,Baltimore,MD,28144,Kroger,BANK OF AMERICA,Linda,Miller,linda.miller@example.com,False,LEGITIMATE,0,
4526068,2025-10-18 14:36:37,2025-10-21 14:36:37,222.25,5,8759,XXXXXXXXXXXX9318,Mary Anderson,Tucson,AZ,39400,Shell Gas,CITIBANK,Mary,Anderson,mary.anderson@example.com,False,LEGITIMATE,0,
4526069,2025-10-18 14:56:37,2025-10-19 14:56:37,315.35,5,12257,XXXXXXXXXXXX4821,William Jackson,Portland,OR,44111,Kroger,PNC BANK,William,Jackson,william.jackson@example.com,False,LEGITIMATE,0,
4526070,2025-10-18 15:07:37,2025-10-21 15:07:37,444.41,5,12921,XXXXXXXXXXXX0056,Thomas Anderson,Memphis,TN,19149,Walmart,TRUIST BANK,Thomas,Anderson,thomas.anderson@example.com,False,LEGITIMATE,0,
4526071,2025-10-18 15:08:37,2025-10-20 15:08:37,449.68,5,10735,XXXXXXXXXXXX1530,Nancy Johnson,Seattle,WA,13375,Target,CHASE BANK,Nancy,Johnson,nancy.johnson@example.com,False,LEGITIMATE,0,
4526072,2025-10-18 15:43:37,2025-10-20 15:43:37,328.36,5,11319,XXXXXXXXXXXX7936,Robert Anderson,New York,NY,59467,Shell Gas,CHASE BANK,Robert,Anderson,robert.anderson@example.com,False,LEGITIMATE,0,
4526073,2025-10-18 16:35:37,2025-10-19 16:35:37,479.45,5,16209,XXXXXXXXXXXX7101,Barbara Miller,Kansas City,MO,36453,Amazon,PNC BANK,Barbara,Miller,barbara.miller@example.com,False,LEGITIMATE,0,
4526074,2025-10-18 16:39:37,2025-10-21 16:39:37,114.64,5,12337,XXXXXXXXXXXX1179,Christopher Moore,Kansas City,MO,76339,Apple,US BANK,Christopher,Moore,christopher.moore@example.com,False,LEGITIMATE,0,
4526075,2025-10-18 17:36:37,2025-10-19 17:36:37,492.02,5,7092,XXXXXXXXXXXX9186,Nancy Johnson,Nashville,TN,18520,Amazon,WELLS FARGO,Nancy,Johnson,nancy.johnson@example.com,False,LEGITIMATE,0,
4526076,2025-10-18 18:23:37,2025-10-20 18:23:37,105.43,5,14349,XXXXXXXXXXXX3966,Michael Williams,Memphis,TN,65070,Kroger,CHASE BANK,Michael,Williams,michael.williams@example.com,False,LEGITIMATE,0,
4526077,2025-10-18 19:00:37,2025-10-19 19:00:37,358.85,5,8271,XXXXXXXXXXXX1961,Barbara Thomas,San Diego,CA,39080,Amazon,PNC BANK,Barbara,Thomas,barbara.thomas@example.com,False,LEGITIMATE,0,
4526078,2025-10-18 19:18:37,2025-10-21 19:18:37,210.26,5,12963,XXXXXXXXXXXX5230,Thomas Williams,Milwaukee,WI,53442,Home Depot,TRUIST BANK,Thomas,Williams,thomas.williams@example.com,False,LEGITIMATE,0,
4526080,2025-10-18 20:04:37,2025-10-20 20:04:37,1480.88,5,12927,XXXXXXXXXXXX1629,Robert Johnson,Miami,FL,90484,Whole Foods,PNC BANK,Robert,Johnson,robert.johnson@example.com,True,ACCOUNT_TAKEOVER,90,account_takeover_unusual_location|account_takeover_large_amount
4526081,2025-10-18 20:43:37,2025-10-20 20:43:37,156.45,5,11088,XXXXXXXXXXXX3896,Christopher Rodriguez,Indianapolis,IN,29689,Best Buy,DISCOVER BANK,Christopher,Rodriguez,christopher.rodriguez@example.com,False,LEGITIMATE,0,
4526082,2025-10-18 20:48:37,2025-10-19 20:48:37,460.19,5,8022,XXXXXXXXXXXX5230,Michael Hernandez,Columbus,OH,59354,McDonald's,SYNCHRONY BANK,Michael,Hernandez,michael.hernandez@example.com,False,LEGITIMATE,0,
4526083,2025-10-18 21:26:37,2025-10-21 21:26:37,865.77,5,10806,XXXXXXXXXXXX3687,Nancy Anderson,Columbus,OH,81292,Target,REGIONS BANK,Nancy,Anderson,nancy.anderson@example.com,False,LEGITIMATE,0,
4526084,2025-10-18 21:45:37,2025-10-21 21:45:37,392.41,5,13695,XXXXXXXXXXXX7335,Thomas Jones,Sacramento,CA,37422,Target,CITIBANK,Thomas,Jones,thomas.jones@example.com,False,LEGITIMATE,0,
4526085,2025-10-18 22:04:37,2025-10-20 22:04:37,494.36,5,11995,XXXXXXXXXXXX6418,Jessica Rodriguez,Jacksonville,FL,23909,Costco,WELLS FARGO,Jessica,Rodriguez,jessica.rodriguez@example.com,False,LEGITIMATE,0,
4526086,2025-10-18 23:02:37,2025-10-20 23:02:37,203.87,5,14760,XXXXXXXXXXXX7678,Susan Martin,Portland,OR,96246,Starbucks,AMERICAN EXPRESS,Susan,Martin,susan.martin@example.com,False,LEGITIMATE,0,
4526088,2025-10-18 23:28:37,2025-10-19 23:28:37,1739.8,5,12927,XXXXXXXXXXXX5296,Jennifer Thompson,Seattle,WA,38607,Whole Foods,SYNCHRONY BANK,Jennifer,Thompson,jennifer.thompson@example.com,True,ACCOUNT_TAKEOVER,90,account_takeover_unusual_location|account_takeover_large_amount
4526089,2025-10-18 23:53:37,2025-10-21 23:53:37,353.09,5,13388,XXXXXXXXXXXX1010,Nancy Smith,Memphis,TN,10274,Costco,CAPITAL ONE,Nancy,Smith,nancy.smith@example.com,False,LEGITIMATE,0,
4526090,2025-10-19 00:32:37,2025-10-21 00:32:37,441.44,5,8360,XXXXXXXXXXXX7137,John Lee,Miami,FL,11763,Microsoft,PNC BANK,John,Lee,john.lee@example.com,False,LEGITIMATE,0,
4526091,2025-10-19 01:26:37,2025-10-21 01:26:37,489.33,5,13987,XXXXXXXXXXXX0769,William Martinez,Tucson,AZ,52692,Target,AMERICAN EXPRESS,William,Martinez,william.martinez@example.com,False,LEGITIMATE,0,
4526092,2025-10-19 01:37:37,2025-10-21 01:37:37,131.32,5,6546,XXXXXXXXXXXX4703,Joseph Rodriguez,Boston,MA,51419,Costco,SYNCHRONY BANK,Joseph,Rodriguez,joseph.rodriguez@example.com,False,LEGITIMATE,0,
4526093,2025-10-19 01:38:37,2025-10-22 01:38:37,261.12,5,7930,XXXXXXXXXXXX7294,Charles Moore,Baltimore,MD,33634,Netflix,CAPITAL ONE,Charles,Moore,charles.moore@example.com,False,LEGITIMATE,0,
4526094,2025-10-19 02:16:37,2025-10-22 02:16:37,415.26,5,12924,XXXXXXXXXXXX4383,Christopher Moore,Atlanta,GA,10689,Whole Foods,DISCOVER BANK,Christopher,Moore,christopher.moore@example.com,False,LEGITIMATE,0,
4526095,2025-10-19 02:40:37,2025-10-20 02:40:37,55.59,5,16143,XXXXXXXXXXXX8607,Christopher Jones,San Antonio,TX,48320,Amazon,AMERICAN EXPRESS,Christopher,Jones,christopher.jones@example.com,False,LEGITIMATE,0,
4526097,2025-10-19 03:04:37,2025-10-21 03:04:37,1891.55,5,12927,XXXXXXXXXXXX4050,John Brown,Seattle,WA,26782,Kroger,SYNCHRONY BANK,John,Brown,john.brown@example.com,True,ACCOUNT_TAKEOVER,90,account_takeover_unusual_location|account_takeover_large_amount
4526098,2025-10-19 03:28:37,2025-10-20 03:28:37,82.25,5,6495,XXXXXXXXXXXX8864,William Smith,Seattle,WA,42087,Exxon,SYNCHRONY BANK,William,Smith,william.smith@example.com,False,LEGITIMATE,0,
4526099,2025-10-19 03:33:37,2025-10-20 03:33:37,293.16,5,11829,XXXXXXXXXXXX7802,Michael Taylor,Chicago,IL,65404,Walgreens,CITIBANK,Michael,Taylor,michael.taylor@example.com,False,LEGITIMATE,0,
4526100,2025-10-19 03:49:37,2025-10-21 03:49:37,311.53,5,7568,XXXXXXXXXXXX4371,Patricia Hernandez,Louisville,KY,73247,Target,CITIBANK,Patricia,Hernandez,patricia.hernandez@example.com,False,LEGITIMATE,0,
4526101,2025-10-19 04:35:37,2025-10-20 04:35:37,196.21,5,8303,XXXXXXXXXXXX1745,Mary Perez,Sacramento,CA,77232,Costco,SYNCHRONY BANK,Mary,Perez,mary.perez@example.com,False,LEGITIMATE,0,
4526102,2025-10-19 05:11:37,2025-10-20 05:11:37,120.33,5,9320,XXXXXXXXXXXX4634,James Johnson,Houston,TX,20292,Microsoft,DISCOVER BANK,James,Johnson,james.johnson@example.com,False,LEGITIMATE,0,
4526103,2025-10-19 05:16:37,2025-10-21 05:16:37,88.88,5,12710,XXXXXXXXXXXX6322,James Perez,Baltimore,MD,11912,Exxon,TRUIST BANK,James,Perez,james.perez@example.com,False,LEGITIMATE,0,
4526104,2025-10-19 05:23:37,2025-10-22 05:23:37,257.0,5,11807,XXXXXXXXXXXX8476,Joseph Jones,New York,NY,25351,Amazon,CAPITAL ONE,Joseph,Jones,joseph.jones@example.com,False,LEGITIMATE,0,
4526105,2025-10-19 05:57:37,2025-10-20 05:57:37,460.29,5,9735,XXXXXXXXXXXX6717,Robert Perez,Detroit,MI,99205,Whole Foods,PNC BANK,Robert,Perez,robert.perez@example.com,False,LEGITIMATE,0,
4526106,2025-10-19 06:32:37,2025-10-22 06:32:37,474.56,5,11274,XXXXXXXXXXXX4839,James Smith,Atlanta,GA,88536,Best Buy,REGIONS BANK,James,Smith,james.smith@example.com,False,LEGITIMATE,0,
4526107,2025-10-19 06:50:37,2025-10-22 06:50:37,370.66,5,12663,XXXXXXXXXXXX4277,Christopher Lee,Louisville,KY,97712,Microsoft,REGIONS BANK,Christopher,Lee,christopher.lee@example.com,False,LEGITIMATE,0,
4526108,2025-10-19 07:14:37,2025-10-22 07:14:37,213.13,5,12025,XXXXXXXXXXXX3585,Patricia Wilson,Philadelphia,PA,92873,Amazon,FIFTH THIRD BANK,Patricia,Wilson,patricia.wilson@example.com,False,LEGITIMATE,0,
4526109,2025-10-19 07:37:37,2025-10-21 07:37:37,370.19,5,13912,XXXXXXXXXXXX6507,Sarah Smith,Jacksonville,FL,92283,Shell Gas,TRUIST BANK,Sarah,Smith,sarah.smith@example.com,False,LEGITIMATE,0,
4526110,2025-10-19 07:39:37,2025-10-20 07:39:37,520.71,5,6741,XXXXXXXXXXXX9718,David Rodriguez,Tucson,AZ,24289,Starbucks,REGIONS BANK,David,Rodriguez,david.rodriguez@example.com,False,LEGITIMATE,0,
4526111,2025-10-19 07:52:37,2025-10-20 07:52:37,49.34,5,11898,XXXXXXXXXXXX1935,Elizabeth Lopez,Seattle,WA,37661,Best Buy,FIFTH THIRD BANK,Elizabeth,Lopez,elizabeth.lopez@example.com,False,LEGITIMATE,0,
4526113,2025-10-19 08:34:37,2025-10-22 08:34:37,1167.85,5,12927,XXXXXXXXXXXX0346,Sarah Williams,Portland,OR,72712,Starbucks,FIFTH THIRD BANK,Sarah,Williams,sarah.williams@example.com,True,ACCOUNT_TAKEOVER,90,account_takeover_unusual_location|account_takeover_large_amount
4526114,2025-10-19 08:35:37,2025-10-22 08:35:37,132.78,5,10019,XXXXXXXXXXXX4710,Karen Moore,Sacramento,CA,33504,Shell Gas,BANK OF AMERICA,Karen,Moore,karen.moore@example.com,False,LEGITIMATE,0,
4526115,2025-10-19 09:10:37,2025-10-20 09:10:37,462.46,5,8501,XXXXXXXXXXXX3676,Thomas Anderson,San Antonio,TX,77070,Walgreens,US BANK,Thomas,Anderson,thomas.anderson@example.com,False,LEGITIMATE,0,
4526116,2025-10-19 09:56:37,2025-10-22 09:56:37,68.55,5,15042,XXXXXXXXXXXX4108,Charles Anderson,Albuquerque,NM,54815,Shell Gas,BANK OF AMERICA,Charles,Anderson,charles.anderson@example.com,False,LEGITIMATE,0,
4526117,2025-10-19 10:27:37,2025-10-20 10:27:37,99.78,5,12834,XXXXXXXXXXXX8810,James Garcia,Dallas,TX,61836,Exxon,SYNCHRONY BANK,James,Garcia,james.garcia@example.com,False,LEGITIMATE,0,
4526118,2025-10-19 10:54:37,2025-10-22 10:54:37,126.16,5,13915,XXXXXXXXXXXX3812,Elizabeth Thompson,Kansas City,MO,13415,Shell Gas,CAPITAL ONE,Elizabeth,Thompson,elizabeth.thompson@example.com,False,LEGITIMATE,0,
4526119,2025-10-19 11:43:37,2025-10-20 11:43:37,18.29,5,8699,XXXXXXXXXXXX1914,Karen Davis,Jacksonville,FL,21845,Netflix,WELLS FARGO,Karen,Davis,karen.davis@example.com,False,LEGITIMATE,0,
4526120,2025-10-19 12:29:37,2025-10-21 12:29:37,194.61,5,11690,XXXXXXXXXXXX3207,Karen Williams,Jacksonville,FL,90739,Whole Foods,BANK OF AMERICA,Karen,Williams,karen.williams@example.com,False,LEGITIMATE,0,
4526121,2025-10-19 13:20:37,2025-10-20 13:20:37,305.36,5,10116,XXXXXXXXXXXX5818,Nancy Anderson,Boston,MA,80745,Shell Gas,TD BANK,Nancy,Anderson,nancy.anderson@example.com,False,LEGITIMATE,0,
4526123,2025-10-19 13:30:37,2025-10-21 13:30:37,766.65,5,12927,XXXXXXXXXXXX6410,Susan Rodriguez,Seattle,WA,46098,Starbucks,TRUIST BANK,Susan,Rodriguez,susan.rodriguez@example.com,True,ACCOUNT_TAKEOVER,90,account_takeover_unusual_location|account_takeover_large_amount
4526124,2025-10-19 14:10:37,2025-10-22 14:10:37,434.14,5,10585,XXXXXXXXXXXX2088,John Thompson,Los Angeles,CA,72157,Starbucks,REGIONS BANK,John,Thompson,john.thompson@example.com,False,LEGITIMATE,0,
4526125,2025-10-19 14:14:37,2025-10-20 14:14:37,363.12,5,11213,XXXXXXXXXXXX8347,Sarah Davis,Mesa,AZ,29613,Best Buy,SYNCHRONY BANK,Sarah,Davis,sarah.davis@example.com,False,LEGITIMATE,0,
4526126,2025-10-19 14:47:37,2025-10-20 14:47:37,473.06,5,7536,XXXXXXXXXXXX5564,Elizabeth Moore,Indianapolis,IN,65434,McDonald's,TD BANK,Elizabeth,Moore,elizabeth.moore@example.com,False,LEGITIMATE,0,
4526127,2025-10-19 15:38:37,2025-10-22 15:38:37,238.17,5,14618,XXXXXXXXXXXX0288,Nancy Gonzalez,Louisville,KY,71623,Amazon,PNC BANK,Nancy,Gonzalez,nancy.gonzalez@example.com,False,LEGITIMATE,0,
4526128,2025-10-19 15:49:37,2025-10-21 15:49:37,178.78,5,7835,XXXXXXXXXXXX1459,Christopher Lopez,Austin,TX,47281,Best Buy,CAPITAL ONE,Christopher,Lopez,christopher.lopez@example.com,False,LEGITIMATE,0,
4526129,2025-10-19 16:13:37,2025-10-22 16:13:37,173.89,5,9269,XXXXXXXXXXXX7392,Mary Jones,Portland,OR,76245,Exxon,CITIBANK,Mary,Jones,mary.jones@example.com,False,LEGITIMATE,0,
4526130,2025-10-19 17:01:37,2025-10-22 17:01:37,80.56,5,7512,XXXXXXXXXXXX0135,Richard Williams,Tucson,AZ,12910,Home Depot,FIFTH THIRD BANK,Richard,Williams,richard.williams@example.com,False,LEGITIMATE,0,
4526132,2025-10-19 17:37:37,2025-10-21 17:37:37,1227.67,5,12927,XXXXXXXXXXXX3973,Joseph Williams,Seattle,WA,62889,Shell Gas,WELLS FARGO,Joseph,Williams,joseph.williams@example.com,True,ACCOUNT_TAKEOVER,90,account_takeover_unusual_location|account_takeover_large_amount
4526133,2025-10-19 17:52:37,2025-10-21 17:52:37,92.17,5,15562,XXXXXXXXXXXX4183,Patricia Williams,Portland,OR,27822,Walmart,SYNCHRONY BANK,Patricia,Williams,patricia.williams@example.com,False,LEGITIMATE,0,
4526134,2025-10-19 18:29:37,2025-10-21 18:29:37,350.61,5,8475,XXXXXXXXXXXX3855,Barbara Perez,Charlotte,NC,97208,Amazon,BANK OF AMERICA,Barbara,Perez,barbara.perez@example.com,False,LEGITIMATE,0,
4526135,2025-10-19 18:51:37,2025-10-20 18:51:37,28.04,5,14669,XXXXXXXXXXXX2904,John Smith,Phoenix,AZ,45672,Walgreens,WELLS FARGO,John,Smith,john.smith@example.com,False,LEGITIMATE,0,
4526136,2025-10-19 19:39:37,2025-10-22 19:39:37,1099.82,5,8665,XXXXXXXXXXXX3650,Christopher Gonzalez,Nashville,TN,40491,McDonald's,PNC BANK,Christopher,Gonzalez,christopher.gonzalez@example.com,False,LEGITIMATE,0,
4526137,2025-10-19 20:17:37,2025-10-21 20:17:37,149.06,5,14107,XXXXXXXXXXXX8642,Barbara Thomas,Fresno,CA,97361,Costco,DISCOVER BANK,Barbara,Thomas,barbara.thomas@example.com,False,LEGITIMATE,0,
4526138,2025-10-19 20:25:37,2025-10-22 20:25:37,8.85,5,8467,XXXXXXXXXXXX5647,Christopher Gonzalez,Kansas City,MO,17440,Target,BANK OF AMERICA,Christopher,Gonzalez,christopher.gonzalez@example.com,False,LEGITIMATE,0,
4526139,2025-10-19 20:34:37,2025-10-22 20:34:37,394.85,5,9199,XXXXXXXXXXXX7353,Elizabeth Martinez,Philadelphia,PA,33393,Exxon,REGIONS BANK,Elizabeth,Martinez,elizabeth.martinez@example.com,False,LEGITIMATE,0,
4526140,2025-10-19 21:06:37,2025-10-21 21:06:37,154.34,5,7187,XXXXXXXXXXXX6968,Susan Garcia,New York,NY,89362,Home Depot,AMERICAN EXPRESS,Susan,Garcia,susan.garcia@example.com,False,LEGITIMATE,0,
4526142,2025-10-19 21:13:37,2025-10-21 21:13:37,1061.43,5,12927,XXXXXXXXXXXX8416,Christopher Perez,Portland,OR,14765,Netflix,BANK OF AMERICA,Christopher,Perez,christopher.perez@example.com,True,ACCOUNT_TAKEOVER,90,account_takeover_unusual_location|account_takeover_large_amount
4526143,2025-10-19 22:12:37,2025-10-21 22:12:37,245.76,5,10268,XXXXXXXXXXXX6692,James Jones,Charlotte,NC,11266,Amazon,FIFTH THIRD BANK,James,Jones,james.jones@example.com,False,LEGITIMATE,0,
4526145,2025-10-19 22:37:37,2025-10-20 22:37:37,1068.22,5,12927,XXXXXXXXXXXX3803,David Anderson,Seattle,WA,53270,Netflix,FIFTH THIRD BANK,David,Anderson,david.anderson@example.com,True,ACCOUNT_TAKEOVER,90,account_takeover_unusual_location|account_takeover_large_amount
4526146,2025-10-19 22:55:37,2025-10-21 22:55:37,385.82,5,8108,XXXXXXXXXXXX3956,Karen Davis,Denver,CO,46124,Whole Foods,REGIONS BANK,Karen,Davis,karen.davis@example.com,False,LEGITIMATE,0,
4526147,2025-10-19 23:29:37,2025-10-21 23:29:37,1386.26,5,15397,XXXXXXXXXXXX5934,Thomas Lopez,Denver,CO,40621,Target,TD BANK,Thomas,Lopez,thomas.lopez@example.com,False,LEGITIMATE,0,
4526148,2025-10-19 23:34:37,2025-10-20 23:34:37,181.72,5,14538,XXXXXXXXXXXX4754,Robert Jones,Albuquerque,NM,76947,Netflix,US BANK,Robert,Jones,robert.jones@example.com,False,LEGITIMATE,0,
4526149,2025-10-19 23:55:37,2025-10-22 23:55:37,205.26,5,14764,XXXXXXXXXXXX9300,Barbara Miller,Portland,OR,10759,Kroger,PNC BANK,Barbara,Miller,barbara.miller@example.com,False,LEGITIMATE,0,
4526150,2025-10-20 00:37:37,2025-10-21 00:37:37,142.98,5,13981,XXXXXXXXXXXX0026,Barbara Garcia,Milwaukee,WI,17809,Starbucks,DISCOVER BANK,Barbara,Garcia,barbara.garcia@example.com,False,LEGITIMATE,0,
4526151,2025-10-20 00:49:37,2025-10-23 00:49:37,368.38,5,15703,XXXXXXXXXXXX9402,Jennifer Wilson,Indianapolis,IN,89942,Best Buy,DISCOVER BANK,Jennifer,Wilson,jennifer.wilson@example.com,False,LEGITIMATE,0,
4526152,2025-10-20 01:14:37,2025-10-23 01:14:37,63.55,5,8419,XXXXXXXXXXXX7861,Michael Williams,Philadelphia,PA,73107,Shell Gas,AMERICAN EXPRESS,Michael,Williams,michael.williams@example.com,False,LEGITIMATE,0,
4526154,2025-10-20 01:29:37,2025-10-23 01:29:37,903.92,5,12927,XXXXXXXXXXXX4091,James Smith,Portland,OR,61115,Target,WELLS FARGO,James,Smith,james.smith@example.com,True,ACCOUNT_TAKEOVER,90,account_takeover_unusual_location|account_takeover_large_amount
4526155,2025-10-20 01:42:37,2025-10-21 01:42:37,98.07,5,7289,XXXXXXXXXXXX2039,James Rodriguez,Phoenix,AZ,61636,Exxon,PNC BANK,James,Rodriguez,james.rodriguez@example.com,False,LEGITIMATE,0,
4526156,2025-10-20 02:01:37,2025-10-22 02:01:37,360.56,5,7966,XXXXXXXXXXXX2868,Linda Williams,Phoenix,AZ,65416,Kroger,BANK OF AMERICA,Linda,Williams,linda.williams@example.com,False,LEGITIMATE,0,
4526157,2025-10-20 02:46:37,2025-10-21 02:46:37,1876.05,5,14072,XXXXXXXXXXXX9134,Joseph Jackson,Miami,FL,31000,Apple,CAPITAL ONE,Joseph,Jackson,joseph.jackson@example.com,False,LEGITIMATE,0,
4526158,2025-10-20 03:44:37,2025-10-21 03:44:37,359.2,5,10372,XXXXXXXXXXXX8835,Elizabeth Thompson,San Francisco,CA,70929,Microsoft,WELLS FARGO,Elizabeth,Thompson,elizabeth.thompson@example.com,False,LEGITIMATE,0,
4526160,2025-10-20 04:28:37,2025-10-21 04:28:37,553.05,5,12927,XXXXXXXXXXXX1980,David Davis,Seattle,WA,71865,Best Buy,DISCOVER BANK,David,Davis,david.davis@example.com,True,ACCOUNT_TAKEOVER,90,account_takeover_unusual_location|account_takeover_large_amount
4526161,2025-10-20 04:38:37,2025-10-21 04:38:37,31.33,5,10009,XXXXXXXXXXXX3701,Jennifer Martin,San Diego,CA,56613,Best Buy,REGIONS BANK,Jennifer,Martin,jennifer.martin@example.com,False,LEGITIMATE,0,
4526162,2025-10-20 05:31:37,2025-10-23 05:31:37,202.87,5,10129,XXXXXXXXXXXX0698,John Brown,Fort Worth,TX,81346,Amazon,DISCOVER BANK,John,Brown,john.brown@example.com,False,LEGITIMATE,0,
4526163,2025-10-20 06:20:37,2025-10-21 06:20:37,304.92,5,15595,XXXXXXXXXXXX8777,Michael Garcia,Indianapolis,IN,73025,Home Depot,US BANK,Michael,Garcia,michael.garcia@example.com,False,LEGITIMATE,0,
4526164,2025-10-20 07:02:37,2025-10-22 07:02:37,68.17,5,15881,XXXXXXXXXXXX8551,Jessica Martin,Portland,OR,31388,Kroger,FIFTH THIRD BANK,Jessica,Martin,jessica.martin@example.com,False,LEGITIMATE,0,
4526165,2025-10-20 07:52:37,2025-10-22 07:52:37,21.31,5,11938,XXXXXXXXXXXX4148,Elizabeth Anderson,Nashville,TN,20400,McDonald's,FIFTH THIRD BANK,Elizabeth,Anderson,elizabeth.anderson@example.com,False,LEGITIMATE,0,
4526166,2025-10-20 08:42:37,2025-10-22 08:42:37,526.17,5,15914,XXXXXXXXXXXX3137,Sarah Smith,San Diego,CA,33365,CVS Pharmacy,FIFTH THIRD BANK,Sarah,Smith,sarah.smith@example.com,False,LEGITIMATE,0,
4526167,2025-10-20 08:46:37,2025-10-23 08:46:37,111.39,5,13652,XXXXXXXXXXXX4781,Nancy Taylor,Chicago,IL,13740,Apple,REGIONS BANK,Nancy,Taylor,nancy.taylor@example.com,False,LEGITIMATE,0,
4526168,2025-10-20 09:15:37,2025-10-23 09:15:37,134.06,5,15886,XXXXXXXXXXXX0017,Nancy Martinez,Atlanta,GA,33897,McDonald's,CHASE BANK,Nancy,Martinez,nancy.martinez@example.com,False,LEGITIMATE,0,
4526169,2025-10-20 10:15:37,2025-10-22 10:15:37,188.02,5,11345,XXXXXXXXXXXX8358,James Garcia,Tucson,AZ,42757,Walmart,FIFTH THIRD BANK,James,Garcia,james.garcia@example.com,False,LEGITIMATE,0,
4526171,2025-10-20 11:05:37,2025-10-23 11:05:37,837.91,5,12927,XXXXXXXXXXXX3991,Sarah Davis,Miami,FL,72578,Walgreens,BANK OF AMERICA,Sarah,Davis,sarah.davis@example.com,True,ACCOUNT_TAKEOVER,90,account_takeover_unusual_location|account_takeover_large_amount
4526172,2025-10-20 11:59:37,2025-10-21 11:59:37,13.68,5,13834,XXXXXXXXXXXX9148,Michael Johnson,Tucson,AZ,84942,Kroger,CAPITAL ONE,Michael,Johnson,michael.johnson@example.com,False,LEGITIMATE,0,
4526173,2025-10-20 12:31:37,2025-10-21 12:31:37,37.6,5,11166,XXXXXXXXXXXX8743,Susan Williams,Los Angeles,CA,36852,Best Buy,REGIONS BANK,Susan,Williams,susan.williams@example.com,False,LEGITIMATE,0,
4526174,2025-10-20 13:28:37,2025-10-23 13:28:37,98.32,5,10432,XXXXXXXXXXXX7635,Joseph Williams,Phoenix,AZ,44451,CVS Pharmacy,US BANK,Joseph,Williams,joseph.williams@example.com,False,LEGITIMATE,0,
4526175,2025-10-20 14:03:37,2025-10-22 14:03:37,21.18,5,9250,XXXXXXXXXXXX2256,Karen Lopez,Milwaukee,WI,28182,Kroger,SYNCHRONY BANK,Karen,Lopez,karen.lopez@example.com,False,LEGITIMATE,0,
4526176,2025-10-20 14:12:37,2025-10-22 14:12:37,469.63,5,15343,XXXXXXXXXXXX7362,Jessica Perez,Indianapolis,IN,26078,Shell Gas,SYNCHRONY BANK,Jessica,Perez,jessica.perez@example.com,False,LEGITIMATE,0,
4526177,2025-10-20 14:47:37,2025-10-23 14:47:37,232.52,5,7699,XXXXXXXXXXXX3855,Susan Lopez,Boston,MA,34799,Amazon,CITIBANK,Susan,Lopez,susan.lopez@example.com,False,LEGITIMATE,0,
4526179,2025-10-20 15:22:37,2025-10-22 15:22:37,1001.17,5,12927,XXXXXXXXXXXX8122,Elizabeth Smith,Portland,OR,25179,Exxon,FIFTH THIRD BANK,Elizabeth,Smith,elizabeth.smith@example.com,True,ACCOUNT_TAKEOVER,90,account_takeover_unusual_location|account_takeover_large_amount
4526180,2025-10-20 15:24:37,2025-10-21 15:24:37,389.52,5,11340,XXXXXXXXXXXX4075,Susan Gonzalez,San Jose,CA,85470,Amazon,TD BANK,Susan,Gonzalez,susan.gonzalez@example.com,False,LEGITIMATE,0,
4526181,2025-10-20 15:27:37,2025-10-22 15:27:37,494.82,5,16172,XXXXXXXXXXXX5251,Jennifer Wilson,Denver,CO,36820,Exxon,TD BANK,Jennifer,Wilson,jennifer.wilson@example.com,False,LEGITIMATE,0,
4526182,2025-10-20 15:51:37,2025-10-23 15:51:37,58.54,5,12477,XXXXXXXXXXXX4946,John Jones,Milwaukee,WI,84430,Microsoft,PNC BANK,John,Jones,john.jones@example.com,False,LEGITIMATE,0,
4526183,2025-10-20 16:45:37,2025-10-23 16:45:37,366.66,5,7246,XXXXXXXXXXXX4500,William Johnson,San Jose,CA,80495,Home Depot,US BANK,William,Johnson,william.johnson@example.com,False,LEGITIMATE,0,
4526184,2025-10-20 17:45:37,2025-10-21 17:45:37,155.79,5,8502,XXXXXXXXXXXX2110,John Lee,Memphis,TN,49935,Best Buy,TRUIST BANK,John,Lee,john.lee@example.com,False,LEGITIMATE,0,
4526185,2025-10-20 18:26:37,2025-10-21 18:26:37,462.57,5,6798,XXXXXXXXXXXX8898,Barbara Martinez,Boston,MA,71903,Starbucks,BANK OF AMERICA,Barbara,Martinez,barbara.martinez@example.com,False,LEGITIMATE,0,
4526186,2025-10-20 18:33:37,2025-10-21 18:33:37,38.13,5,13553,XXXXXXXXXXXX5128,Karen Thompson,Columbus,OH,66008,McDonald's,TD BANK,Karen,Thompson,karen.thompson@example.com,False,LEGITIMATE,0,
4526187,2025-10-20 18:42:37,2025-10-22 18:42:37,78.15,5,10179,XXXXXXXXXXXX4064,Christopher Martinez,Nashville,TN,78882,Best Buy,BANK OF AMERICA,Christopher,Martinez,christopher.martinez@example.com,False,LEGITIMATE,0,
4526188,2025-10-20 19:18:37,2025-10-23 19:18:37,407.61,5,14225,XXXXXXXXXXXX7935,Susan Martin,Sacramento,CA,48982,Netflix,SYNCHRONY BANK,Susan,Martin,susan.martin@example.com,False,LEGITIMATE,0,
4526189,2025-10-20 20:17:37,2025-10-22 20:17:37,1219.34,5,10944,XXXXXXXXXXXX5766,Richard Anderson,Baltimore,MD,26762,CVS Pharmacy,CHASE BANK,Richard,Anderson,richard.anderson@example.com,False,LEGITIMATE,0,
4526190,2025-10-20 21:13:37,2025-10-23 21:13:37,295.03,5,12649,XXXXXXXXXXXX6297,William Gonzalez,Indianapolis,IN,97353,Best Buy,WELLS FARGO,William,Gonzalez,william.gonzalez@example.com,False,LEGITIMATE,0,
4526191,2025-10-20 21:51:37,2025-10-22 21:51:37,430.89,5,11498,XXXXXXXXXXXX7030,Jessica Jones,Kansas City,MO,52480,Starbucks,AMERICAN EXPRESS,Jessica,Jones,jessica.jones@example.com,False,LEGITIMATE,0,
4526192,2025-10-20 22:28:37,2025-10-23 22:28:37,316.33,5,12994,XXXXXXXXXXXX1456,Michael Anderson,San Antonio,TX,74162,Microsoft,TRUIST BANK,Michael,Anderson,michael.anderson@example.com,False,LEGITIMATE,0,
4526193,2025-10-20 22:40:37,2025-10-21 22:40:37,362.14,5,9031,XXXXXXXXXXXX0309,Jessica Williams,Jacksonville,FL,59913,Target,AMERICAN EXPRESS,Jessica,Williams,jessica.williams@example.com,False,LEGITIMATE,0,
4526194,2025-10-20 23:30:37,2025-10-23 23:30:37,248.5,5,11199,XXXXXXXXXXXX8254,Joseph Smith,Columbus,OH,53862,Whole Foods,WELLS FARGO,Joseph,Smith,joseph.smith@example.com,False,LEGITIMATE,0,
4526195,2025-10-21 00:17:37,2025-10-22 00:17:37,106.09,5,9348,XXXXXXXXXXXX8695,Mary Williams,Fort Worth,TX,50575,Target,CHASE BANK,Mary,Williams,mary.williams@example.com,False,LEGITIMATE,0,
4526196,2025-10-21 00:58:37,2025-10-24 00:58:37,309.75,5,10371,XXXXXXXXXXXX7111,Michael Davis,Sacramento,CA,44342,Kroger,AMERICAN EXPRESS,Michael,Davis,michael.davis@example.com,False,LEGITIMATE,0,
4526197,2025-10-21 01:17:37,2025-10-23 01:17:37,66.19,5,10934,XXXXXXXXXXXX3639,Karen Brown,Denver,CO,67662,Whole Foods,SYNCHRONY BANK,Karen,Brown,karen.brown@example.com,False,LEGITIMATE,0,
4526198,2025-10-21 02:06:37,2025-10-23 02:06:37,246.62,5,7469,XXXXXXXXXXXX3030,Sarah Jones,Dallas,TX,35581,Netflix,TD BANK,Sarah,Jones,sarah.jones@example.com,False,LEGITIMATE,0,
4526199,2025-10-21 02:54:37,2025-10-23 02:54:37,391.39,5,6927,XXXXXXXXXXXX5104,Karen Martin,Nashville,TN,40008,Starbucks,SYNCHRONY BANK,Karen,Martin,karen.martin@example.com,False,LEGITIMATE,0,
4526200,2025-10-21 03:26:37,2025-10-22 03:26:37,148.19,5,15894,XXXXXXXXXXXX7802,Karen Smith,Philadelphia,PA,61632,Starbucks,AMERICAN EXPRESS,Karen,Smith,karen.smith@example.com,False,LEGITIMATE,0,
4526201,2025-10-21 03:49:37,2025-10-22 03:49:37,409.52,5,12474,XXXXXXXXXXXX9502,Elizabeth Davis,Los Angeles,CA,34262,Home Depot,BANK OF AMERICA,Elizabeth,Davis,elizabeth.davis@example.com,False,LEGITIMATE,0,
4526202,2025-10-21 04:18:37,2025-10-22 04:18:37,733.18,5,15592,XXXXXXXXXXXX1154,Michael Thomas,San Francisco,CA,32824,McDonald's,WELLS FARGO,Michael,Thomas,michael.thomas@example.com,False,LEGITIMATE,0,
4526203,2025-10-21 05:09:37,2025-10-22 05:09:37,221.01,5,11889,XXXXXXXXXXXX3125,David Hernandez,Denver,CO,38442,Target,SYNCHRONY BANK,David,Hernandez,david.hernandez@example.com,False,LEGITIMATE,0,
4526204,2025-10-21 05:50:37,2025-10-24 05:50:37,383.91,5,9188,XXXXXXXXXXXX9021,Susan Lopez,Mesa,AZ,92323,McDonald's,REGIONS BANK,Susan,Lopez,susan.lopez@example.com,False,LEGITIMATE,0,
4526205,2025-10-21 06:09:37,2025-10-23 06:09:37,478.55,5,7406,XXXXXXXXXXXX9673,Joseph Hernandez,Kansas City,MO,53002,Netflix,PNC BANK,Joseph,Hernandez,joseph.hernandez@example.com,False,LEGITIMATE,0,
4526206,2025-10-21 06:33:37,2025-10-22 06:33:37,190.85,5,9437,XXXXXXXXXXXX0335,Joseph Taylor,Atlanta,GA,58955,Home Depot,DISCOVER BANK,Joseph,Taylor,joseph.taylor@example.com,False,LEGITIMATE,0,
4526207,2025-10-21 07:27:37,2025-10-23 07:27:37,383.87,5,13404,XXXXXXXXXXXX7956,James Brown,San Diego,CA,94911,Netflix,CITIBANK,James,Brown,james.brown@example.com,False,LEGITIMATE,0,
4526208,2025-10-21 08:24:37,2025-10-22 08:24:37,36.83,5,13526,XXXXXXXXXXXX3360,Charles Brown,Philadelphia,PA,48833,Starbucks,TD BANK,Charles,Brown,charles.brown@example.com,False,LEGITIMATE,0,
4526209,2025-10-21 09:00:37,2025-10-22 09:00:37,438.22,5,13997,XXXXXXXXXXXX7941,David Wilson,Austin,TX,48551,McDonald's,TD BANK,David,Wilson,david.wilson@example.com,False,LEGITIMATE,0,
4526211,2025-10-21 09:15:37,2025-10-24 09:15:37,1988.2,5,12927,XXXXXXXXXXXX5813,Linda Thomas,Miami,FL,54905,Home Depot,CAPITAL ONE,Linda,Thomas,linda.thomas@example.com,True,ACCOUNT_TAKEOVER,90,account_takeover_unusual_location|account_takeover_large_amount
4526212,2025-10-21 09:49:37,2025-10-23 09:49:37,458.98,5,15495,XXXXXXXXXXXX8451,Susan Jones,Portland,OR,89035,Kroger,DISCOVER BANK,Susan,Jones,susan.jones@example.com,False,LEGITIMATE,0,
4526213,2025-10-21 10:04:37,2025-10-22 10:04:37,116.09,5,11003,XXXXXXXXXXXX8370,Thomas Perez,Indianapolis,IN,32035,Whole Foods,WELLS FARGO,Thomas,Perez,thomas.perez@example.com,False,LEGITIMATE,0,
4526214,2025-10-21 10:19:37,2025-10-22 10:19:37,37.58,5,7931,XXXXXXXXXXXX5489,Michael Thompson,San Diego,CA,13268,Costco,CHASE BANK,Michael,Thompson,michael.thompson@example.com,False,LEGITIMATE,0,
4526215,2025-10-21 10:26:37,2025-10-23 10:26:37,140.31,5,7941,XXXXXXXXXXXX7217,William Wilson,Baltimore,MD,78645,CVS Pharmacy,TRUIST BANK,William,Wilson,william.wilson@example.com,False,LEGITIMATE,0,
4526216,2025-10-21 10:39:37,2025-10-23 10:39:37,321.03,5,15828,XXXXXXXXXXXX0035,Barbara Williams,Houston,TX,37080,McDonald's,TD BANK,Barbara,Williams,barbara.williams@example.com,False,LEGITIMATE,0,
4526217,2025-10-21 11:21:37,2025-10-23 11:21:37,485.62,5,8789,XXXXXXXXXXXX6408,Joseph Garcia,Dallas,TX,59425,McDonald's,US BANK,Joseph,Garcia,joseph.garcia@example.com,False,LEGITIMATE,0,
4526218,2025-10-21 12:02:37,2025-10-23 12:02:37,300.78,5,7434,XXXXXXXXXXXX3195,Joseph Hernandez,Chicago,IL,80013,Starbucks,WELLS FARGO,Joseph,Hernandez,joseph.hernandez@example.com,False,LEGITIMATE,0,
4526219,2025-10-21 12:08:37,2025-10-22 12:08:37,263.42,5,7074,XXXXXXXXXXXX8429,Thomas Anderson,Dallas,TX,61994,Shell Gas,DISCOVER BANK,Thomas,Anderson,thomas.anderson@example.com,False,LEGITIMATE,0,
4526220,2025-10-21 12:35:37,2025-10-23 12:35:37,416.77,5,15796,XXXXXXXXXXXX2767,William Jones,New York,NY,61165,Walmart,AMERICAN EXPRESS,William,Jones,william.jones@example.com,False,LEGITIMATE,0,
4526221,2025-10-21 13:17:37,2025-10-22 13:17:37,406.92,5,16118,XXXXXXXXXXXX6608,Jessica Lopez,Philadelphia,PA,67168,Amazon,WELLS FARGO,Jessica,Lopez,jessica.lopez@example.com,False,LEGITIMATE,0,
4526222,2025-10-21 14:00:37,2025-10-23 14:00:37,314.51,5,7420,XXXXXXXXXXXX4197,Jessica Williams,Jacksonville,FL,30500,Walmart,WELLS FARGO,Jessica,Williams,jessica.williams@example.com,False,LEGITIMATE,0,
4526223,2025-10-21 14:24:37,2025-10-22 14:24:37,337.46,5,14238,XXXXXXXXXXXX4658,Thomas Smith,Las Vegas,NV,67494,Amazon,SYNCHRONY BANK,Thomas,Smith,thomas.smith@example.com,False,LEGITIMATE,0,
4526224,2025-10-21 15:12:37,2025-10-24 15:12:37,94.34,5,13099,XXXXXXXXXXXX3510,Susan Gonzalez,Seattle,WA,77827,Amazon,TRUIST BANK,Susan,Gonzalez,susan.gonzalez@example.com,False,LEGITIMATE,0,
4526225,2025-10-21 15:44:37,2025-10-23 15:44:37,27.27,5,8550,XXXXXXXXXXXX0618,John Lee,Columbus,OH,19048,CVS Pharmacy,SYNCHRONY BANK,John,Lee,john.lee@example.com,False,LEGITIMATE,0,
4526226,2025-10-21 16:09:37,2025-10-23 16:09:37,439.88,5,10655,XXXXXXXXXXXX4726,Susan Thomas,Miami,FL,67015,Whole Foods,BANK OF AMERICA,Susan,Thomas,susan.thomas@example.com,False,LEGITIMATE,0,
4526227,2025-10-21 16:17:37,2025-10-24 16:17:37,21.83,5,12226,XXXXXXXXXXXX4685,Mary Moore,Baltimore,MD,51064,Shell Gas,AMERICAN EXPRESS,Mary,Moore,mary.moore@example.com,False,LEGITIMATE,0,
4526228,2025-10-21 16:52:37,2025-10-24 16:52:37,294.07,5,13077,XXXXXXXXXXXX9013,Mary Taylor,Phoenix,AZ,30130,Target,DISCOVER BANK,Mary,Taylor,mary.taylor@example.com,False,LEGITIMATE,0,
4526229,2025-10-21 17:47:37,2025-10-22 17:47:37,429.35,5,14841,XXXXXXXXXXXX9039,James Martin,Dallas,TX,28610,Home Depot,DISCOVER BANK,James,Martin,james.martin@example.com,False,LEGITIMATE,0,
4526230,2025-10-21 18:42:37,2025-10-23 18:42:37,431.0,5,13398,XXXXXXXXXXXX5374,Michael Hernandez,San Jose,CA,36179,Microsoft,PNC BANK,Michael,Hernandez,michael.hernandez@example.com,False,LEGITIMATE,0,
4526231,2025-10-21 18:57:37,2025-10-23 18:57:37,470.68,5,11530,XXXXXXXXXXXX7559,Karen Hernandez,Seattle,WA,50759,Exxon,WELLS FARGO,Karen,Hernandez,karen.hernandez@example.com,False,LEGITIMATE,0,
4526232,2025-10-21 19:32:37,2025-10-24 19:32:37,238.64,5,9454,XXXXXXXXXXXX3503,Robert Jackson,Detroit,MI,70618,Apple,REGIONS BANK,Robert,Jackson,robert.jackson@example.com,False,LEGITIMATE,0,
4526233,2025-10-21 20:27:37,2025-10-24 20:27:37,471.96,5,14049,XXXXXXXXXXXX9397,Linda Garcia,Las Vegas,NV,92701,Walgreens,CITIBANK,Linda,Garcia,linda.garcia@example.com,False,LEGITIMATE,0,
4526234,2025-10-21 20:52:37,2025-10-22 20:52:37,933.07,5,11550,XXXXXXXXXXXX8867,Karen Lee,Jacksonville,FL,89093,Microsoft,US BANK,Karen,Lee,karen.lee@example.com,False,LEGITIMATE,0,
4526235,2025-10-21 21:17:37,2025-10-22 21:17:37,249.49,5,6765,XXXXXXXXXXXX3394,Thomas Gonzalez,Houston,TX,88170,Walmart,AMERICAN EXPRESS,Thomas,Gonzalez,thomas.gonzalez@example.com,False,LEGITIMATE,0,
4526236,2025-10-21 21:57:37,2025-10-22 21:57:37,222.8,5,9901,XXXXXXXXXXXX8350,Linda Martinez,Charlotte,NC,70864,Exxon,TRUIST BANK,Linda,Martinez,linda.martinez@example.com,False,LEGITIMATE,0,
4526237,2025-10-21 22:39:37,2025-10-23 22:39:37,365.29,5,8694,XXXXXXXXXXXX6236,Jennifer Lopez,Chicago,IL,86751,Microsoft,BANK OF AMERICA,Jennifer,Lopez,jennifer.lopez@example.com,False,LEGITIMATE,0,
4526239,2025-10-21 23:32:37,2025-10-24 23:32:37,1206.93,5,12927,XXXXXXXXXXXX7420,Elizabeth Miller,Seattle,WA,74854,Walmart,AMERICAN EXPRESS,Elizabeth,Miller,elizabeth.miller@example.com,True,ACCOUNT_TAKEOVER,90,account_takeover_unusual_location|account_takeover_large_amount
4526240,2025-10-22 00:11:37,2025-10-23 00:11:37,319.58,5,14050,XXXXXXXXXXXX3580,Barbara Martin,Los Angeles,CA,99604,Best Buy,TRUIST BANK,Barbara,Martin,barbara.martin@example.com,False,LEGITIMATE,0,
4526242,2025-10-22 00:20:37,2025-10-23 00:20:37,843.22,5,12927,XXXXXXXXXXXX0136,Michael Thompson,Portland,OR,64249,Amazon,SYNCHRONY BANK,Michael,Thompson,michael.thompson@example.com,True,ACCOUNT_TAKEOVER,90,account_takeover_unusual_location|account_takeover_large_amount
4526243,2025-10-22 01:02:37,2025-10-23 01:02:37,437.1,5,8439,XXXXXXXXXXXX9554,Michael Moore,San Antonio,TX,61579,Netflix,PNC BANK,Michael,Moore,michael.moore@example.com,False,LEGITIMATE,0,
4526244,2025-10-22 01:29:37,2025-10-24 01:29:37,61.38,5,13188,XXXXXXXXXXXX3430,John Smith,Philadelphia,PA,98996,Exxon,DISCOVER BANK,John,Smith,john.smith@example.com,False,LEGITIMATE,0,
4526245,2025-10-22 01:32:37,2025-10-23 01:32:37,267.58,5,7228,XXXXXXXXXXXX1586,Mary Lopez,Seattle,WA,44684,Best Buy,TD BANK,Mary,Lopez,mary.lopez@example.com,False,LEGITIMATE,0,
4526246,2025-10-22 01:37:37,2025-10-25 01:37:37,43.74,5,8858,XXXXXXXXXXXX0790,Susan Martin,Atlanta,GA,19266,Exxon,WELLS FARGO,Susan,Martin,susan.martin@example.com,False,LEGITIMATE,0,
4526247,2025-10-22 01:38:37,2025-10-24 01:38:37,197.55,5,16227,XXXXXXXXXXXX2882,Karen Anderson,Baltimore,MD,70734,Kroger,TD BANK,Karen,Anderson,karen.anderson@example.com,False,LEGITIMATE,0,
4526248,2025-10-22 01:55:37,2025-10-24 01:55:37,286.08,5,6825,XXXXXXXXXXXX8991,Jessica Lopez,Columbus,OH,73246,Best Buy,SYNCHRONY BANK,Jessica,Lopez,jessica.lopez@example.com,False,LEGITIMATE,0,
4526249,2025-10-22 01:56:37,2025-10-23 01:56:37,293.08,5,12916,XXXXXXXXXXXX1681,Elizabeth Brown,Sacramento,CA,62846,Exxon,REGIONS BANK,Elizabeth,Brown,elizabeth.brown@example.com,False,LEGITIMATE,0,
4526250,2025-10-22 01:59:37,2025-10-25 01:59:37,481.52,5,11359,XXXXXXXXXXXX9279,Sarah Thompson,Seattle,WA,53902,Microsoft,TRUIST BANK,Sarah,Thompson,sarah.thompson@example.com,False,LEGITIMATE,0,
4526251,2025-10-22 02:23:37,2025-10-25 02:23:37,313.68,5,10012,XXXXXXXXXXXX8369,Jessica Rodriguez,San Jose,CA,45348,Microsoft,FIFTH THIRD BANK,Jessica,Rodriguez,jessica.rodriguez@example.com,False,LEGITIMATE,0,
4526252,2025-10-22 02:58:37,2025-10-25 02:58:37,445.51,5,15488,XXXXXXXXXXXX2324,Thomas Davis,Las Vegas,NV,70416,CVS Pharmacy,FIFTH THIRD BANK,Thomas,Davis,thomas.davis@example.com,False,LEGITIMATE,0,
4526253,2025-10-22 03:32:37,2025-10-24 03:32:37,471.39,5,14029,XXXXXXXXXXXX8681,James Smith,Los Angeles,CA,57618,CVS Pharmacy,TD BANK,James,Smith,james.smith@example.com,False,LEGITIMATE,0,
4526254,2025-10-22 04:15:37,2025-10-24 04:15:37,144.69,5,8457,XXXXXXXXXXXX6342,Susan Jackson,Las Vegas,NV,74327,McDonald's,PNC BANK,Susan,Jackson,susan.jackson@example.com,False,LEGITIMATE,0,
4526255,2025-10-22 04:37:37,2025-10-23 04:37:37,33.68,5,7675,XXXXXXXXXXXX2412,Sarah Anderson,Las Vegas,NV,64390,Walgreens,PNC BANK,Sarah,Anderson,sarah.anderson@example.com,False,LEGITIMATE,0,
4526256,2025-10-22 05:27:37,2025-10-23 05:27:37,647.68,5,16260,XXXXXXXXXXXX2864,Michael Davis,Louisville,KY,11578,Costco,CHASE BANK,Michael,Davis,michael.davis@example.com,False,LEGITIMATE,0,
4526257,2025-10-22 05:59:37,2025-10-24 05:59:37,342.68,5,13849,XXXXXXXXXXXX4224,Barbara Garcia,Boston,MA,47540,Exxon,SYNCHRONY BANK,Barbara,Garcia,barbara.garcia@example.com,False,LEGITIMATE,0,
4526258,2025-10-22 06:24:37,2025-10-25 06:24:37,321.44,5,9266,XXXXXXXXXXXX5015,Mary Lee,Nashville,TN,56097,CVS Pharmacy,TD BANK,Mary,Lee,mary.lee@example.com,False,LEGITIMATE,0,
4526259,2025-10-22 07:04:37,2025-10-23 07:04:37,274.03,5,15516,XXXXXXXXXXXX2076,Barbara Perez,Albuquerque,NM,36794,McDonald's,CHASE BANK,Barbara,Perez,barbara.perez@example.com,False,LEGITIMATE,0,
4526260,2025-10-22 07:58:37,2025-10-24 07:58:37,43.67,5,15928,XXXXXXXXXXXX6614,John Gonzalez,Indianapolis,IN,52622,McDonald's,REGIONS BANK,John,Gonzalez,john.gonzalez@example.com,False,LEGITIMATE,0,
4526261,2025-10-22 08:01:37,2025-10-25 08:01:37,269.72,5,14481,XXXXXXXXXXXX3467,Christopher Brown,Dallas,TX,88091,Netflix,AMERICAN EXPRESS,Christopher,Brown,christopher.brown@example.com,False,LEGITIMATE,0,
4526262,2025-10-22 08:15:37,2025-10-23 08:15:37,413.89,5,12578,XXXXXXXXXXXX8990,Barbara Lopez,Mesa,AZ,79617,Microsoft,US BANK,Barbara,Lopez,barbara.lopez@example.com,False,LEGITIMATE,0,
4526263,2025-10-22 08:38:37,2025-10-25 08:38:37,447.82,5,11096,XXXXXXXXXXXX9939,Nancy Wilson,San Jose,CA,99573,McDonald's,SYNCHRONY BANK,Nancy,Wilson,nancy.wilson@example.com,False,LEGITIMATE,0,
4526264,2025-10-22 08:59:37,2025-10-23 08:59:37,101.87,5,13714,XXXXXXXXXXXX5644,Barbara Martin,Atlanta,GA,70842,Starbucks,FIFTH THIRD BANK,Barbara,Martin,barbara.martin@example.com,False,LEGITIMATE,0,
4526265,2025-10-22 09:52:37,2025-10-24 09:52:37,413.38,5,8668,XXXXXXXXXXXX5369,Patricia Williams,Louisville,KY,69679,Costco,CAPITAL ONE,Patricia,Williams,patricia.williams@example.com,False,LEGITIMATE,0,
4526266,2025-10-22 10:34:37,2025-10-23 10:34:37,105.94,5,13736,XXXXXXXXXXXX7941,James Brown,Atlanta,GA,82102,Netflix,REGIONS BANK,James,Brown,james.brown@example.com,False,LEGITIMATE,0,
4526267,2025-10-22 11:22:37,2025-10-23 11:22:37,366.42,5,10910,XXXXXXXXXXXX4123,Joseph Brown,Memphis,TN,56659,Walgreens,AMERICAN EXPRESS,Joseph,Brown,joseph.brown@example.com,False,LEGITIMATE,0,
4526268,2025-10-22 11:31:37,2025-10-24 11:31:37,673.43,5,9074,XXXXXXXXXXXX0390,Sarah Martin,Louisville,KY,67818,CVS Pharmacy,DISCOVER BANK,Sarah,Martin,sarah.martin@example.com,False,LEGITIMATE,0,
4526269,2025-10-22 11:59:37,2025-10-23 11:59:37,62.16,5,13455,XXXXXXXXXXXX1671,Joseph Taylor,Fresno,CA,79901,Shell Gas,REGIONS BANK,Joseph,Taylor,joseph.taylor@example.com,False,LEGITIMATE,0,
4526271,2025-10-22 12:01:37,2025-10-25 12:01:37,1185.95,5,12927,XXXXXXXXXXXX0049,Thomas Anderson,Seattle,WA,71731,Target,PNC BANK,Thomas,Anderson,thomas.anderson@example.com,True,ACCOUNT_TAKEOVER,90,account_takeover_unusual_location|account_takeover_large_amount
4526272,2025-10-22 12:19:37,2025-10-25 12:19:37,92.08,5,16318,XXXXXXXXXXXX9806,Charles Johnson,Baltimore,MD,32248,CVS Pharmacy,PNC BANK,Charles,Johnson,charles.johnson@example.com,False,LEGITIMATE,0,
4526273,2025-10-22 12:50:37,2025-10-23 12:50:37,488.56,5,8912,XXXXXXXXXXXX6620,Sarah Garcia,Baltimore,MD,29350,Home Depot,REGIONS BANK,Sarah,Garcia,sarah.garcia@example.com,False,LEGITIMATE,0,
4526274,2025-10-22 13:49:37,2025-10-24 13:49:37,33.91,5,16271,XXXXXXXXXXXX4969,Joseph Garcia,Jacksonville,FL,98920,Walmart,CHASE BANK,Joseph,Garcia,joseph.garcia@example.com,False,LEGITIMATE,0,
4526275,2025-10-22 14:22:37,2025-10-25 14:22:37,441.37,5,16151,XXXXXXXXXXXX7915,John Martin,San Antonio,TX,65885,Target,CAPITAL ONE,John,Martin,john.martin@example.com,False,LEGITIMATE,0,
4526276,2025-10-22 15:01:37,2025-10-24 15:01:37,432.65,5,10951,XXXXXXXXXXXX1171,Susan Miller,Las Vegas,NV,23828,Best Buy,TD BANK,Susan,Miller,susan.miller@example.com,False,LEGITIMATE,0,
4526277,2025-10-22 15:51:37,2025-10-25 15:51:37,256.07,5,16115,XXXXXXXXXXXX8665,Charles Anderson,Columbus,OH,92049,Exxon,PNC BANK,Charles,Anderson,charles.anderson@example.com,False,LEGITIMATE,0,
4526278,2025-10-22 16:20:37,2025-10-25 16:20:37,419.08,5,12583,XXXXXXXXXXXX4105,Barbara Thomas,Boston,MA,60661,Netflix,AMERICAN EXPRESS,Barbara,Thomas,barbara.thomas@example.com,False,LEGITIMATE,0,
4526279,2025-10-22 17:11:37,2025-10-23 17:11:37,461.64,5,9182,XXXXXXXXXXXX7167,Jessica Jackson,San Francisco,CA,24441,Walmart,BANK OF AMERICA,Jessica,Jackson,jessica.jackson@example.com,False,LEGITIMATE,0,
4526280,2025-10-22 17:56:37,2025-10-23 17:56:37,63.06,5,15681,XXXXXXXXXXXX6810,Jessica Miller,Jacksonville,FL,63012,Apple,PNC BANK,Jessica,Miller,jessica.miller@example.com,False,LEGITIMATE,0,
4526281,2025-10-22 18:10:37,2025-10-23 18:10:37,395.32,5,8557,XXXXXXXXXXXX7778,Mary Moore,Memphis,TN,42382,Amazon,TRUIST BANK,Mary,Moore,mary.moore@example.com,False,LEGITIMATE,0,
4526283,2025-10-22 18:42:37,2025-10-23 18:42:37,1870.97,5,12927,XXXXXXXXXXXX5006,Robert Rodriguez,Miami,FL,50072,McDonald's,CITIBANK,Robert,Rodriguez,robert.rodriguez@example.com,True,ACCOUNT_TAKEOVER,90,account_takeover_unusual_location|account_takeover_large_amount
4526284,2025-10-22 18:43:37,2025-10-23 18:43:37,503.08,5,15124,XXXXXXXXXXXX3104,William Smith,New York,NY,32354,CVS Pharmacy,CAPITAL ONE,William,Smith,william.smith@example.com,False,LEGITIMATE,0,
4526285,2025-10-22 18:59:37,2025-10-24 18:59:37,440.35,5,9801,XXXXXXXXXXXX7049,Patricia Martinez,Mesa,AZ,59155,Starbucks,SYNCHRONY BANK,Patricia,Martinez,patricia.martinez@example.com,False,LEGITIMATE,0,
4526286,2025-10-22 19:33:37,2025-10-24 19:33:37,970.95,5,13821,XXXXXXXXXXXX0178,Susan Gonzalez,Philadelphia,PA,27581,Best Buy,AMERICAN EXPRESS,Susan,Gonzalez,susan.gonzalez@example.com,False,LEGITIMATE,0,
4526287,2025-10-22 20:01:37,2025-10-25 20:01:37,76.25,5,9390,XXXXXXXXXXXX3025,Joseph Garcia,Memphis,TN,29948,Walgreens,REGIONS BANK,Joseph,Garcia,joseph.garcia@example.com,False,LEGITIMATE,0,
4526289,2025-10-22 20:45:37,2025-10-23 20:45:37,1603.44,5,12927,XXXXXXXXXXXX7743,Thomas Lopez,Seattle,WA,62985,Microsoft,AMERICAN EXPRESS,Thomas,Lopez,thomas.lopez@example.com,True,ACCOUNT_TAKEOVER,90,account_takeover_unusual_location|account_takeover_large_amount
4526290,2025-10-22 21:15:37,2025-10-25 21:15:37,191.13,5,10290,XXXXXXXXXXXX1121,James Thompson,Fresno,CA,69025,Target,US BANK,James,Thompson,james.thompson@example.com,False,LEGITIMATE,0,
4526291,2025-10-22 21:53:37,2025-10-25 21:53:37,440.13,5,14602,XXXXXXXXXXXX8109,William Davis,Miami,FL,77876,Best Buy,SYNCHRONY BANK,William,Davis,william.davis@example.com,False,LEGITIMATE,0,
4526293,2025-10-22 22:17:37,2025-10-25 22:17:37,1420.85,5,12927,XXXXXXXXXXXX6269,Mary Thompson,Seattle,WA,67958,Exxon,US BANK,Mary,Thompson,mary.thompson@example.com,True,ACCOUNT_TAKEOVER,90,account_takeover_unusual_location|account_takeover_large_amount
4526294,2025-10-22 22:19:37,2025-10-23 22:19:37,419.21,5,14532,XXXXXXXXXXXX4352,Linda Taylor,Baltimore,MD,44405,Netflix,SYNCHRONY BANK,Linda,Taylor,linda.taylor@example.com,False,LEGITIMATE,0,
4526295,2025-10-22 23:17:37,2025-10-24 23:17:37,241.41,5,6497,XXXXXXXXXXXX9542,David Rodriguez,Indianapolis,IN,42990,Microsoft,CITIBANK,David,Rodriguez,david.rodriguez@example.com,False,LEGITIMATE,0,
4526296,2025-10-22 23:47:37,2025-10-23 23:47:37,378.96,5,15085,XXXXXXXXXXXX5558,Elizabeth Lopez,Nashville,TN,71242,Exxon,FIFTH THIRD BANK,Elizabeth,Lopez,elizabeth.lopez@example.com,False,LEGITIMATE,0,
4526298,2025-10-23 00:41:37,2025-10-25 00:41:37,1775.83,5,12927,XXXXXXXXXXXX5417,Thomas Johnson,Seattle,WA,95491,Exxon,TRUIST BANK,Thomas,Johnson,thomas.johnson@example.com,True,ACCOUNT_TAKEOVER,90,account_takeover_unusual_location|account_takeover_large_amount
4526299,2025-10-23 01:01:37,2025-10-26 01:01:37,162.11,5,15314,XXXXXXXXXXXX0901,Thomas Jackson,Louisville,KY,47196,Shell Gas,WELLS FARGO,Thomas,Jackson,thomas.jackson@example.com,False,LEGITIMATE,0,
4526300,2025-10-23 01:41:37,2025-10-25 01:41:37,188.01,5,8201,XXXXXXXXXXXX1485,Michael Rodriguez,Phoenix,AZ,98990,Apple,CITIBANK,Michael,Rodriguez,michael.rodriguez@example.com,False,LEGITIMATE,0,
4526301,2025-10-23 02:28:37,2025-10-26 02:28:37,175.08,5,11134,XXXXXXXXXXXX0781,Susan Jones,Fresno,CA,75314,Costco,BANK OF AMERICA,Susan,Jones,susan.jones@example.com,False,LEGITIMATE,0,
4526302,2025-10-23 02:42:37,2025-10-26 02:42:37,439.81,5,10013,XXXXXXXXXXXX1364,William Garcia,Boston,MA,75398,Starbucks,CAPITAL ONE,William,Garcia,william.garcia@example.com,False,LEGITIMATE,0,
4526303,2025-10-23 02:59:37,2025-10-25 02:59:37,252.97,5,13871,XXXXXXXXXXXX2866,Joseph Thompson,San Francisco,CA,67941,CVS Pharmacy,BANK OF AMERICA,Joseph,Thompson,joseph.thompson@example.com,False,LEGITIMATE,0,
4526304,2025-10-23 03:56:37,2025-10-26 03:56:37,237.62,5,12021,XXXXXXXXXXXX9865,Robert Johnson,Nashville,TN,68835,CVS Pharmacy,WELLS FARGO,Robert,Johnson,robert.johnson@example.com,False,LEGITIMATE,0,
4526305,2025-10-23 04:03:37,2025-10-26 04:03:37,491.41,5,11268,XXXXXXXXXXXX8449,Susan Jackson,Houston,TX,72889,Walmart,CAPITAL ONE,Susan,Jackson,susan.jackson@example.com,False,LEGITIMATE,0,
4526306,2025-10-23 04:54:37,2025-10-24 04:54:37,277.24,5,9846,XXXXXXXXXXXX9522,Linda Garcia,Denver,CO,84947,Costco,TD BANK,Linda,Garcia,linda.garcia@example.com,False,LEGITIMATE,0,
4526307,2025-10-23 05:01:37,2025-10-25 05:01:37,115.02,5,10541,XXXXXXXXXXXX6949,Joseph Brown,Dallas,TX,68178,Exxon,CHASE BANK,Joseph,Brown,joseph.brown@example.com,False,LEGITIMATE,0,
4526308,2025-10-23 05:25:37,2025-10-26 05:25:37,22.14,5,14232,XXXXXXXXXXXX8242,Jessica Williams,Dallas,TX,24730,Netflix,PNC BANK,Jessica,Williams,jessica.williams@example.com,False,LEGITIMATE,0,
4526309,2025-10-23 06:22:37,2025-10-26 06:22:37,433.24,5,7906,XXXXXXXXXXXX3856,Linda Thomas,Portland,OR,75580,Apple,REGIONS BANK,Linda,Thomas,linda.thomas@example.com,False,LEGITIMATE,0,
4526310,2025-10-23 06:31:37,2025-10-26 06:31:37,204.31,5,14117,XXXXXXXXXXXX7246,Charles Williams,Phoenix,AZ,68742,Walgreens,REGIONS BANK,Charles,Williams,charles.williams@example.com,False,LEGITIMATE,0,
4526311,2025-10-23 07:27:37,2025-10-26 07:27:37,225.93,5,10772,XXXXXXXXXXXX6409,Patricia Garcia,Indianapolis,IN,18951,Exxon,FIFTH THIRD BANK,Patricia,Garcia,patricia.garcia@example.com,False,LEGITIMATE,0,
4526312,2025-10-23 07:59:37,2025-10-26 07:59:37,466.07,5,7845,XXXXXXXXXXXX5682,Richard Perez,Chicago,IL,56405,Best Buy,PNC BANK,Richard,Perez,richard.perez@example.com,False,LEGITIMATE,0,
4526313,2025-10-23 08:52:37,2025-10-26 08:52:37,289.81,5,14206,XXXXXXXXXXXX7497,Susan Wilson,Memphis,TN,85484,McDonald's,DISCOVER BANK,Susan,Wilson,susan.wilson@example.com,False,LEGITIMATE,0,
4526314,2025-10-23 09:21:37,2025-10-24 09:21:37,29.98,5,10685,XXXXXXXXXXXX7418,Jennifer Johnson,Detroit,MI,12632,CVS Pharmacy,BANK OF AMERICA,Jennifer,Johnson,jennifer.johnson@example.com,False,LEGITIMATE,0,
4526315,2025-10-23 09:43:37,2025-10-25 09:43:37,381.93,5,12679,XXXXXXXXXXXX3215,Patricia Taylor,San Jose,CA,99224,Whole Foods,REGIONS BANK,Patricia,Taylor,patricia.taylor@example.com,False,LEGITIMATE,0,
4526316,2025-10-23 10:18:37,2025-10-24 10:18:37,307.74,5,11234,XXXXXXXXXXXX0615,Michael Wilson,Fort Worth,TX,20858,Apple,US BANK,Michael,Wilson,michael.wilson@example.com,False,LEGITIMATE,0,
4526317,2025-10-23 11:06:37,2025-10-26 11:06:37,197.64,5,11020,XXXXXXXXXXXX3102,Michael Jackson,Tucson,AZ,43199,Whole Foods,PNC BANK,Michael,Jackson,michael.jackson@example.com,False,LEGITIMATE,0,
4526318,2025-10-23 11:47:37,2025-10-24 11:47:37,1414.13,5,13921,XXXXXXXXXXXX0357,Joseph Anderson,Milwaukee,WI,29541,Walmart,PNC BANK,Joseph,Anderson,joseph.anderson@example.com,False,LEGITIMATE,0,
4526319,2025-10-23 12:41:37,2025-10-26 12:41:37,313.23,5,7897,XXXXXXXXXXXX3835,Robert Brown,Boston,MA,41592,Shell Gas,CHASE BANK,Robert,Brown,robert.brown@example.com,False,LEGITIMATE,0,
4526320,2025-10-23 13:27:37,2025-10-26 13:27:37,167.15,5,15246,XXXXXXXXXXXX3189,Joseph Jones,Boston,MA,86284,CVS Pharmacy,FIFTH THIRD BANK,Joseph,Jones,joseph.jones@example.com,False,LEGITIMATE,0,
4526321,2025-10-23 13:47:37,2025-10-25 13:47:37,353.49,5,8223,XXXXXXXXXXXX9241,Robert Martin,Miami,FL,10289,Costco,PNC BANK,Robert,Martin,robert.martin@example.com,False,LEGITIMATE,0,
4526323,2025-10-23 14:12:37,2025-10-26 14:12:37,1183.49,5,12927,XXXXXXXXXXXX2635,Joseph Jackson,Seattle,WA,39428,Netflix,PNC BANK,Joseph,Jackson,joseph.jackson@example.com,True,ACCOUNT_TAKEOVER,90,account_takeover_unusual_location|account_takeover_large_amount
4526324,2025-10-23 15:00:37,2025-10-24 15:00:37,12.92,5,10117,XXXXXXXXXXXX4622,Jennifer Davis,Chicago,IL,25889,Whole Foods,AMERICAN EXPRESS,Jennifer,Davis,jennifer.davis@example.com,False,LEGITIMATE,0,
4526325,2025-10-23 15:43:37,2025-10-25 15:43:37,139.52,5,8439,XXXXXXXXXXXX6219,Charles Garcia,Miami,FL,48637,Home Depot,TRUIST BANK,Charles,Garcia,charles.garcia@example.com,False,LEGITIMATE,0,
4526326,2025-10-23 16:03:37,2025-10-24 16:03:37,380.95,5,16226,XXXXXXXXXXXX2643,Robert Hernandez,Miami,FL,29836,Kroger,AMERICAN EXPRESS,Robert,Hernandez,robert.hernandez@example.com,False,LEGITIMATE,0,
4526327,2025-10-23 16:10:37,2025-10-25 16:10:37,338.68,5,13011,XXXXXXXXXXXX0567,John Jackson,Nashville,TN,16714,Amazon,SYNCHRONY BANK,John,Jackson,john.jackson@example.com,False,LEGITIMATE,0,
4526328,2025-10-23 16:43:37,2025-10-25 16:43:37,216.66,5,8368,XXXXXXXXXXXX9822,Linda Moore,Seattle,WA,99016,Home Depot,TD BANK,Linda,Moore,linda.moore@example.com,False,LEGITIMATE,0,
4526329,2025-10-23 17:42:37,2025-10-26 17:42:37,292.74,5,10809,XXXXXXXXXXXX8368,Charles Jones,San Jose,CA,48762,Walgreens,BANK OF AMERICA,Charles,Jones,charles.jones@example.com,False,LEGITIMATE,0,
4526330,2025-10-23 18:09:37,2025-10-25 18:09:37,284.2,5,11775,XXXXXXXXXXXX6224,David Lopez,Miami,FL,53655,Kroger,REGIONS BANK,David,Lopez,david.lopez@example.com,False,LEGITIMATE,0,
4526331,2025-10-23 19:05:37,2025-10-25 19:05:37,55.28,5,10630,XXXXXXXXXXXX7546,David Martin,Mesa,AZ,33310,Netflix,WELLS FARGO,David,Martin,david.martin@example.com,False,LEGITIMATE,0,
4526332,2025-10-23 20:00:37,2025-10-24 20:00:37,339.93,5,6932,XXXXXXXXXXXX5545,Susan Davis,Philadelphia,PA,79695,Costco,US BANK,Susan,Davis,susan.davis@example.com,False,LEGITIMATE,0,
4526333,2025-10-23 20:55:37,2025-10-25 20:55:37,397.76,5,11225,XXXXXXXXXXXX4590,Mary Anderson,Jacksonville,FL,97920,Walgreens,REGIONS BANK,Mary,Anderson,mary.anderson@example.com,False,LEGITIMATE,0,
4526334,2025-10-23 21:25:37,2025-10-26 21:25:37,302.01,5,12245,XXXXXXXXXXXX1270,Robert Martin,Kansas City,MO,72178,Costco,PNC BANK,Robert,Martin,robert.martin@example.com,False,LEGITIMATE,0,
4526335,2025-10-23 21:39:37,2025-10-25 21:39:37,222.2,5,11363,XXXXXXXXXXXX4160,Nancy Martinez,Seattle,WA,10844,Home Depot,TD BANK,Nancy,Martinez,nancy.martinez@example.com,False,LEGITIMATE,0,
4526336,2025-10-23 21:57:37,2025-10-26 21:57:37,337.9,5,12508,XXXXXXXXXXXX8136,Elizabeth Miller,Chicago,IL,26136,Apple,PNC BANK,Elizabeth,Miller,elizabeth.miller@example.com,False,LEGITIMATE,0,
4526337,2025-10-23 22:54:37,2025-10-24 22:54:37,89.79,5,16143,XXXXXXXXXXXX8314,Linda Miller,Los Angeles,CA,82190,Costco,CAPITAL ONE,Linda,Miller,linda.miller@example.com,False,LEGITIMATE,0,
4526338,2025-10-23 23:53:37,2025-10-26 23:53:37,436.25,5,13780,XXXXXXXXXXXX3333,Nancy Thomas,Sacramento,CA,25476,Microsoft,SYNCHRONY BANK,Nancy,Thomas,nancy.thomas@example.com,False,LEGITIMATE,0,
4526339,2025-10-24 00:53:37,2025-10-25 00:53:37,107.52,5,15844,XXXXXXXXXXXX5960,Elizabeth Martinez,Philadelphia,PA,84861,Kroger,US BANK,Elizabeth,Martinez,elizabeth.martinez@example.com,False,LEGITIMATE,0,
4526340,2025-10-24 01:27:37,2025-10-26 01:27:37,76.26,5,12204,XXXXXXXXXXXX4509,Mary Miller,Boston,MA,54854,Whole Foods,PNC BANK,Mary,Miller,mary.miller@example.com,False,LEGITIMATE,0,
4526342,2025-10-24 02:20:37,2025-10-25 02:20:37,586.72,5,12927,XXXXXXXXXXXX2796,Mary Moore,Miami,FL,57670,Microsoft,REGIONS BANK,Mary,Moore,mary.moore@example.com,True,ACCOUNT_TAKEOVER,90,account_takeover_unusual_location|account_takeover_large_amount
4526343,2025-10-24 03:19:37,2025-10-26 03:19:37,72.9,5,7689,XXXXXXXXXXXX5956,John Martin,Indianapolis,IN,16420,Whole Foods,CITIBANK,John,Martin,john.martin@example.com,False,LEGITIMATE,0,
4526344,2025-10-24 03:26:37,2025-10-25 03:26:37,104.07,5,7811,XXXXXXXXXXXX0772,John Jackson,Denver,CO,30661,Microsoft,SYNCHRONY BANK,John,Jackson,john.jackson@example.com,False,LEGITIMATE,0,
4526345,2025-10-24 04:13:37,2025-10-26 04:13:37,158.28,5,7488,XXXXXXXXXXXX9381,Richard Hernandez,Baltimore,MD,12262,Walgreens,TRUIST BANK,Richard,Hernandez,richard.hernandez@example.com,False,LEGITIMATE,0,
4526346,2025-10-24 04:28:37,2025-10-25 04:28:37,398.78,5,10585,XXXXXXXXXXXX7052,Charles Thomas,Baltimore,MD,14390,Shell Gas,TD BANK,Charles,Thomas,charles.thomas@example.com,False,LEGITIMATE,0,
4526347,2025-10-24 04:57:37,2025-10-27 04:57:37,1286.72,5,6813,XXXXXXXXXXXX2276,Barbara Perez,Columbus,OH,20098,Starbucks,PNC BANK,Barbara,Perez,barbara.perez@example.com,False,LEGITIMATE,0,
4526349,2025-10-24 05:23:37,2025-10-26 05:23:37,1013.14,5,12927,XXXXXXXXXXXX1751,Jennifer Jackson,Miami,FL,46335,Target,PNC BANK,Jennifer,Jackson,jennifer.jackson@example.com,True,ACCOUNT_TAKEOVER,90,account_takeover_unusual_location|account_takeover_large_amount
4526350,2025-10-24 06:17:37,2025-10-26 06:17:37,292.04,5,16113,XXXXXXXXXXXX3683,David Rodriguez,Miami,FL,46913,Target,BANK OF AMERICA,David,Rodriguez,david.rodriguez@example.com,False,LEGITIMATE,0,
4526351,2025-10-24 07:14:37,2025-10-26 07:14:37,40.22,5,13647,XXXXXXXXXXXX8922,Joseph Thompson,Milwaukee,WI,31021,Apple,CHASE BANK,Joseph,Thompson,joseph.thompson@example.com,False,LEGITIMATE,0,
4526352,2025-10-24 07:55:37,2025-10-25 07:55:37,187.63,5,9345,XXXXXXXXXXXX3512,Patricia Brown,Charlotte,NC,73868,Apple,PNC BANK,Patricia,Brown,patricia.brown@example.com,False,LEGITIMATE,0,
4526353,2025-10-24 08:44:37,2025-10-26 08:44:37,224.38,5,12681,XXXXXXXXXXXX5336,Richard Moore,Fort Worth,TX,58944,Amazon,TD BANK,Richard,Moore,richard.moore@example.com,False,LEGITIMATE,0,
4526354,2025-10-24 09:26:37,2025-10-25 09:26:37,375.64,5,8961,XXXXXXXXXXXX1893,Barbara Martinez,Albuquerque,NM,34666,Exxon,US BANK,Barbara,Martinez,barbara.martinez@example.com,False,LEGITIMATE,0,
4526355,2025-10-24 10:06:37,2025-10-26 10:06:37,36.31,5,7503,XXXXXXXXXXXX1511,Sarah Perez,Albuquerque,NM,57952,Exxon,FIFTH THIRD BANK,Sarah,Perez,sarah.perez@example.com,False,LEGITIMATE,0,
4526357,2025-10-24 10:32:37,2025-10-26 10:32:37,1156.09,5,12927,XXXXXXXXXXXX3653,Thomas Johnson,Portland,OR,39494,Netflix,TRUIST BANK,Thomas,Johnson,thomas.johnson@example.com,True,ACCOUNT_TAKEOVER,90,account_takeover_unusual_location|account_takeover_large_amount
4526358,2025-10-24 10:45:37,2025-10-26 10:45:37,259.52,5,16414,XXXXXXXXXXXX4814,Nancy Jones,San Antonio,TX,37912,Target,US BANK,Nancy,Jones,nancy.jones@example.com,False,LEGITIMATE,0,
4526359,2025-10-24 11:38:37,2025-10-26 11:38:37,416.82,5,8668,XXXXXXXXXXXX5235,Linda Williams,Mesa,AZ,48046,Whole Foods,TD BANK,Linda,Williams,linda.williams@example.com,False,LEGITIMATE,0,
4526360,2025-10-24 12:07:37,2025-10-27 12:07:37,163.93,5,16129,XXXXXXXXXXXX4305,Elizabeth Rodriguez,Memphis,TN,53301,Home Depot,CHASE BANK,Elizabeth,Rodriguez,elizabeth.rodriguez@example.com,False,LEGITIMATE,0,
4526361,2025-10-24 12:09:37,2025-10-26 12:09:37,114.5,5,7569,XXXXXXXXXXXX0060,Joseph Lee,Tucson,AZ,25963,Microsoft,SYNCHRONY BANK,Joseph,Lee,joseph.lee@example.com,False,LEGITIMATE,0,
4526362,2025-10-24 12:14:37,2025-10-25 12:14:37,1719.6,5,15464,XXXXXXXXXXXX3718,James Williams,Nashville,TN,87964,CVS Pharmacy,TD BANK,James,Williams,james.williams@example.com,False,LEGITIMATE,0,
4526363,2025-10-24 13:07:37,2025-10-25 13:07:37,474.89,5,9811,XXXXXXXXXXXX1421,Susan Miller,Philadelphia,PA,22490,Microsoft,CHASE BANK,Susan,Miller,susan.miller@example.com,False,LEGITIMATE,0,
4526364,2025-10-24 13:17:37,2025-10-26 13:17:37,1857.39,5,12343,XXXXXXXXXXXX9211,Jennifer Anderson,Dallas,TX,46578,Exxon,AMERICAN EXPRESS,Jennifer,Anderson,jennifer.anderson@example.com,False,LEGITIMATE,0,
4526365,2025-10-24 13:43:37,2025-10-26 13:43:37,143.19,5,7768,XXXXXXXXXXXX9334,Jessica Johnson,Denver,CO,66871,McDonald's,WELLS FARGO,Jessica,Johnson,jessica.johnson@example.com,False,LEGITIMATE,0,
4526366,2025-10-24 14:39:37,2025-10-25 14:39:37,44.8,5,8138,XXXXXXXXXXXX1599,David Lee,Fort Worth,TX,54996,Apple,WELLS FARGO,David,Lee,david.lee@example.com,False,LEGITIMATE,0,
4526367,2025-10-24 15:38:37,2025-10-27 15:38:37,70.31,5,12440,XXXXXXXXXXXX4997,Thomas Jackson,Atlanta,GA,43555,Walmart,PNC BANK,Thomas,Jackson,thomas.jackson@example.com,False,LEGITIMATE,0,
4526368,2025-10-24 16:34:37,2025-10-27 16:34:37,405.36,5,9639,XXXXXXXXXXXX3141,James Lopez,Miami,FL,34399,Starbucks,CHASE BANK,James,Lopez,james.lopez@example.com,False,LEGITIMATE,0,
4526369,2025-10-24 17:25:37,2025-10-26 17:25:37,129.96,5,13907,XXXXXXXXXXXX7119,John Garcia,Miami,FL,22755,Whole Foods,PNC BANK,John,Garcia,john.garcia@example.com,False,LEGITIMATE,0,
4526370,2025-10-24 17:57:37,2025-10-26 17:57:37,319.15,5,12520,XXXXXXXXXXXX8755,Jessica Perez,Albuquerque,NM,38737,Shell Gas,DISCOVER BANK,Jessica,Perez,jessica.perez@example.com,False,LEGITIMATE,0,
4526371,2025-10-24 18:01:37,2025-10-26 18:01:37,453.21,5,10541,XXXXXXXXXXXX1797,Robert Taylor,Baltimore,MD,89032,Best Buy,CHASE BANK,Robert,Taylor,robert.taylor@example.com,False,LEGITIMATE,0,
4526372,2025-10-24 18:32:37,2025-10-25 18:32:37,250.34,5,13236,XXXXXXXXXXXX4873,James Thompson,Kansas City,MO,93303,Apple,FIFTH THIRD BANK,James,Thompson,james.thompson@example.com,False,LEGITIMATE,0,
4526373,2025-10-24 18:44:37,2025-10-26 18:44:37,163.78,5,16415,XXXXXXXXXXXX3362,Nancy Martinez,Austin,TX,11798,Target,DISCOVER BANK,Nancy,Martinez,nancy.martinez@example.com,False,LEGITIMATE,0,
4526374,2025-10-24 19:07:37,2025-10-26 19:07:37,251.43,5,6656,XXXXXXXXXXXX7332,Nancy Miller,Tucson,AZ,87836,Best Buy,TD BANK,Nancy,Miller,nancy.miller@example.com,False,LEGITIMATE,0,
4526375,2025-10-24 19:09:37,2025-10-27 19:09:37,428.21,5,13472,XXXXXXXXXXXX7949,Christopher Johnson,Tucson,AZ,83260,Apple,PNC BANK,Christopher,Johnson,christopher.johnson@example.com,False,LEGITIMATE,0,
4526376,2025-10-24 19:25:37,2025-10-27 19:25:37,134.29,5,8480,XXXXXXXXXXXX9638,Elizabeth Martin,Los Angeles,CA,56922,Netflix,TD BANK,Elizabeth,Martin,elizabeth.martin@example.com,False,LEGITIMATE,0,
4526378,2025-10-24 20:00:37,2025-10-25 20:00:37,719.41,5,12927,XXXXXXXXXXXX4469,Elizabeth Taylor,Portland,OR,87976,Walgreens,FIFTH THIRD BANK,Elizabeth,Taylor,elizabeth.taylor@example.com,True,ACCOUNT_TAKEOVER,90,account_takeover_unusual_location|account_takeover_large_amount
4526379,2025-10-24 20:04:37,2025-10-26 20:04:37,381.96,5,6498,XXXXXXXXXXXX9987,Richard Perez,Detroit,MI,21557,Costco,TD BANK,Richard,Perez,richard.perez@example.com,False,LEGITIMATE,0,
4526380,2025-10-24 20:19:37,2025-10-27 20:19:37,422.1,5,9961,XXXXXXXXXXXX1363,Karen Gonzalez,Baltimore,MD,71402,Apple,DISCOVER BANK,Karen,Gonzalez,karen.gonzalez@example.com,False,LEGITIMATE,0,
4526381,2025-10-24 21:10:37,2025-10-27 21:10:37,295.38,5,15512,XXXXXXXXXXXX1456,Robert Smith,Philadelphia,PA,23515,Exxon,CAPITAL ONE,Robert,Smith,robert.smith@example.com,False,LEGITIMATE,0,
4526382,2025-10-24 21:20:37,2025-10-25 21:20:37,248.82,5,14277,XXXXXXXXXXXX0278,Nancy Taylor,Portland,OR,89183,Apple,CITIBANK,Nancy,Taylor,nancy.taylor@example.com,False,LEGITIMATE,0,
4526383,2025-10-24 22:20:37,2025-10-27 22:20:37,176.74,5,15412,XXXXXXXXXXXX5003,Patricia Lopez,Austin,TX,87876,Apple,BANK OF AMERICA,Patricia,Lopez,patricia.lopez@example.com,False,LEGITIMATE,0,
4526384,2025-10-24 22:56:37,2025-10-26 22:56:37,247.96,5,16248,XXXXXXXXXXXX6964,William Perez,Baltimore,MD,85724,Netflix,WELLS FARGO,William,Perez,william.perez@example.com,False,LEGITIMATE,0,
4526385,2025-10-24 23:47:37,2025-10-26 23:47:37,243.52,5,11837,XXXXXXXXXXXX2397,Linda Miller,Milwaukee,WI,55635,Walgreens,TRUIST BANK,Linda,Miller,linda.miller@example.com,False,LEGITIMATE,0,
4526386,2025-10-25 00:41:37,2025-10-27 00:41:37,34.86,5,13971,XXXXXXXXXXXX2985,Thomas Jackson,Indianapolis,IN,94821,Best Buy,FIFTH THIRD BANK,Thomas,Jackson,thomas.jackson@example.com,False,LEGITIMATE,0,
4526387,2025-10-25 01:39:37,2025-10-26 01:39:37,338.64,5,12527,XXXXXXXXXXXX3531,Michael Thompson,Chicago,IL,18235,Apple,BANK OF AMERICA,Michael,Thompson,michael.thompson@example.com,False,LEGITIMATE,0,
4526388,2025-10-25 02:13:37,2025-10-28 02:13:37,259.6,5,10940,XXXXXXXXXXXX3894,William Johnson,Milwaukee,WI,72558,Microsoft,US BANK,William,Johnson,william.johnson@example.com,False,LEGITIMATE,0,
4526389,2025-10-25 02:59:37,2025-10-26 02:59:37,544.46,5,15700,XXXXXXXXXXXX3599,Nancy Perez,San Jose,CA,71332,Apple,SYNCHRONY BANK,Nancy,Perez,nancy.perez@example.com,False,LEGITIMATE,0,
4526390,2025-10-25 03:27:37,2025-10-26 03:27:37,442.6,5,14511,XXXXXXXXXXXX8776,Susan Davis,Philadelphia,PA,87914,Costco,CITIBANK,Susan,Davis,susan.davis@example.com,False,LEGITIMATE,0,
4526392,2025-10-25 04:13:37,2025-10-27 04:13:37,560.9,5,12927,XXXXXXXXXXXX7337,Richard Johnson,Miami,FL,94794,CVS Pharmacy,CITIBANK,Richard,Johnson,richard.johnson@example.com,True,ACCOUNT_TAKEOVER,90,account_takeover_unusual_location|account_takeover_large_amount
4526393,2025-10-25 04:38:37,2025-10-26 04:38:37,107.33,5,13650,XXXXXXXXXXXX5795,Sarah Lee,Baltimore,MD,70473,Shell Gas,SYNCHRONY BANK,Sarah,Lee,sarah.lee@example.com,False,LEGITIMATE,0,
4526394,2025-10-25 04:47:37,2025-10-28 04:47:37,356.82,5,14857,XXXXXXXXXXXX6546,Nancy Garcia,Nashville,TN,77185,Costco,TD BANK,Nancy,Garcia,nancy.garcia@example.com,False,LEGITIMATE,0,
4526395,2025-10-25 05:27:37,2025-10-27 05:27:37,51.75,5,6530,XXXXXXXXXXXX4696,James Davis,Fort Worth,TX,34585,Exxon,CHASE BANK,James,Davis,james.davis@example.com,False,LEGITIMATE,0,
4526396,2025-10-25 05:51:37,2025-10-27 05:51:37,62.54,5,10764,XXXXXXXXXXXX0810,Michael Martinez,New York,NY,29640,Shell Gas,WELLS FARGO,Michael,Martinez,michael.martinez@example.com,False,LEGITIMATE,0,
4526397,2025-10-25 06:21:37,2025-10-28 06:21:37,196.03,5,10415,XXXXXXXXXXXX1421,Elizabeth Garcia,Nashville,TN,97510,Walmart,US BANK,Elizabeth,Garcia,elizabeth.garcia@example.com,False,LEGITIMATE,0,
4526398,2025-10-25 06:35:37,2025-10-26 06:35:37,313.0,5,9770,XXXXXXXXXXXX7519,Sarah Lopez,Fresno,CA,97120,Amazon,WELLS FARGO,Sarah,Lopez,sarah.lopez@example.com,False,LEGITIMATE,0,
4526399,2025-10-25 07:10:37,2025-10-28 07:10:37,327.01,5,15880,XXXXXXXXXXXX3855,Jennifer Jackson,San Francisco,CA,42723,Whole Foods,WELLS FARGO,Jennifer,Jackson,jennifer.jackson@example.com,False,LEGITIMATE,0,
4526400,2025-10-25 07:21:37,2025-10-28 07:21:37,115.46,5,15047,XXXXXXXXXXXX9957,Elizabeth Thomas,San Jose,CA,53856,Whole Foods,CHASE BANK,Elizabeth,Thomas,elizabeth.thomas@example.com,False,LEGITIMATE,0,
4526401,2025-10-25 08:18:37,2025-10-26 08:18:37,451.04,5,15872,XXXXXXXXXXXX2568,Joseph Hernandez,Phoenix,AZ,14448,Apple,WELLS FARGO,Joseph,Hernandez,joseph.hernandez@example.com,False,LEGITIMATE,0,
4526402,2025-10-25 08:50:37,2025-10-28 08:50:37,242.66,5,12564,XXXXXXXXXXXX9196,Elizabeth Moore,San Jose,CA,50669,Exxon,FIFTH THIRD BANK,Elizabeth,Moore,elizabeth.moore@example.com,False,LEGITIMATE,0,
4526403,2025-10-25 09:00:37,2025-10-28 09:00:37,194.02,5,12194,XXXXXXXXXXXX8592,John Perez,Chicago,IL,72038,Walmart,CITIBANK,John,Perez,john.perez@example.com,False,LEGITIMATE,0,
4526404,2025-10-25 09:38:37,2025-10-28 09:38:37,382.95,5,6678,XXXXXXXXXXXX6291,David Martin,Detroit,MI,74737,Home Depot,CITIBANK,David,Martin,david.martin@example.com,False,LEGITIMATE,0,
4526406,2025-10-25 10:36:37,2025-10-26 10:36:37,1096.61,5,12927,XXXXXXXXXXXX7931,John Brown,Miami,FL,42647,Home Depot,CITIBANK,John,Brown,john.brown@example.com,True,ACCOUNT_TAKEOVER,90,account_takeover_unusual_location|account_takeover_large_amount
4526408,2025-10-25 11:31:37,2025-10-26 11:31:37,1096.2,5,12927,XXXXXXXXXXXX9346,Jennifer Martinez,Miami,FL,96790,Costco,SYNCHRONY BANK,Jennifer,Martinez,jennifer.martinez@example.com,True,ACCOUNT_TAKEOVER,90,account_takeover_unusual_location|account_takeover_large_amount
4526409,2025-10-25 11:41:37,2025-10-26 11:41:37,494.47,5,15794,XXXXXXXXXXXX6153,Susan Brown,Philadelphia,PA,98517,Costco,AMERICAN EXPRESS,Susan,Brown,susan.brown@example.com,False,LEGITIMATE,0,
4526411,2025-10-25 12:02:37,2025-10-28 12:02:37,1431.49,5,12927,XXXXXXXXXXXX1516,Michael Brown,Portland,OR,71513,Whole Foods,CITIBANK,Michael,Brown,michael.brown@example.com,True,ACCOUNT_TAKEOVER,90,account_takeover_unusual_location|account_takeover_large_amount
4526412,2025-10-25 12:16:37,2025-10-27 12:16:37,64.1,5,10186,XXXXXXXXXXXX1216,Thomas Williams,Chicago,IL,63897,Shell Gas,FIFTH THIRD BANK,Thomas,Williams,thomas.williams@example.com,False,LEGITIMATE,0,
4526413,2025-10-25 12:45:37,2025-10-28 12:45:37,410.26,5,9125,XXXXXXXXXXXX5015,Patricia Smith,Seattle,WA,48074,Shell Gas,REGIONS BANK,Patricia,Smith,patricia.smith@example.com,False,LEGITIMATE,0,
4526414,2025-10-25 12:56:37,2025-10-26 12:56:37,356.06,5,12298,XXXXXXXXXXXX2360,Sarah Thompson,Austin,TX,76825,Kroger,SYNCHRONY BANK,Sarah,Thompson,sarah.thompson@example.com,False,LEGITIMATE,0,
4526415,2025-10-25 13:39:37,2025-10-28 13:39:37,383.6,5,14573,XXXXXXXXXXXX9801,Susan Johnson,Indianapolis,IN,42482,Target,WELLS FARGO,Susan,Johnson,susan.johnson@example.com,False,LEGITIMATE,0,
4526416,2025-10-25 14:08:37,2025-10-27 14:08:37,161.54,5,12305,XXXXXXXXXXXX7887,Patricia Perez,New York,NY,39784,Target,CAPITAL ONE,Patricia,Perez,patricia.perez@example.com,False,LEGITIMATE,0,
4526417,2025-10-25 14:46:37,2025-10-26 14:46:37,1200.52,5,14312,XXXXXXXXXXXX9334,Christopher Wilson,Atlanta,GA,40796,Target,AMERICAN EXPRESS,Christopher,Wilson,christopher.wilson@example.com,False,LEGITIMATE,0,
4526418,2025-10-25 15:00:37,2025-10-28 15:00:37,124.0,5,11239,XXXXXXXXXXXX4754,Susan Hernandez,Boston,MA,28716,Starbucks,BANK OF AMERICA,Susan,Hernandez,susan.hernandez@example.com,False,LEGITIMATE,0,
4526420,2025-10-25 15:48:37,2025-10-28 15:48:37,1357.82,5,12927,XXXXXXXXXXXX2827,Jessica Martinez,Portland,OR,52038,Exxon,DISCOVER BANK,Jessica,Martinez,jessica.martinez@example.com,True,ACCOUNT_TAKEOVER,90,account_takeover_unusual_location|account_takeover_large_amount
4526421,2025-10-25 16:27:37,2025-10-28 16:27:37,266.91,5,7905,XXXXXXXXXXXX1209,Joseph Davis,Denver,CO,55864,Starbucks,DISCOVER BANK,Joseph,Davis,joseph.davis@example.com,False,LEGITIMATE,0,
4526422,2025-10-25 16:56:37,2025-10-26 16:56:37,428.12,5,12229,XXXXXXXXXXXX4498,William Jones,Houston,TX,20389,Home Depot,US BANK,William,Jones,william.jones@example.com,False,LEGITIMATE,0,
4526423,2025-10-25 17:43:37,2025-10-26 17:43:37,1912.32,5,14899,XXXXXXXXXXXX5568,Elizabeth Taylor,Fort Worth,TX,18981,Walmart,TRUIST BANK,Elizabeth,Taylor,elizabeth.taylor@example.com,False,LEGITIMATE,0,
4526424,2025-10-25 18:30:37,2025-10-26 18:30:37,316.66,5,11650,XXXXXXXXXXXX5272,Barbara Thompson,Chicago,IL,46094,Amazon,TRUIST BANK,Barbara,Thompson,barbara.thompson@example.com,False,LEGITIMATE,0,
4526425,2025-10-25 18:48:37,2025-10-26 18:48:37,386.97,5,14433,XXXXXXXXXXXX6953,Christopher Jackson,Louisville,KY,81792,Costco,CITIBANK,Christopher,Jackson,christopher.jackson@example.com,False,LEGITIMATE,0,
4526426,2025-10-25 19:45:37,2025-10-27 19:45:37,139.4,5,15573,XXXXXXXXXXXX2600,Jessica Williams,Albuquerque,NM,21151,Walgreens,PNC BANK,Jessica,Williams,jessica.williams@example.com,False,LEGITIMATE,0,
4526427,2025-10-25 19:56:37,2025-10-26 19:56:37,358.08,5,7563,XXXXXXXXXXXX4989,Patricia Anderson,Seattle,WA,48086,Best Buy,CITIBANK,Patricia,Anderson,patricia.anderson@example.com,False,LEGITIMATE,0,
4526429,2025-10-25 20:21:37,2025-10-26 20:21:37,1225.73,5,12927,XXXXXXXXXXXX0696,Richard Hernandez,Seattle,WA,46498,Microsoft,US BANK,Richard,Hernandez,richard.hernandez@example.com,True,ACCOUNT_TAKEOVER,90,account_takeover_unusual_location|account_takeover_large_amount
4526430,2025-10-25 21:08:37,2025-10-27 21:08:37,349.9,5,6762,XXXXXXXXXXXX0185,Charles Garcia,Jacksonville,FL,30610,Microsoft,TD BANK,Charles,Garcia,charles.garcia@example.com,False,LEGITIMATE,0,
4526431,2025-10-25 22:02:37,2025-10-28 22:02:37,431.39,5,15636,XXXXXXXXXXXX5727,Mary Jones,Fort Worth,TX,35831,Walgreens,CHASE BANK,Mary,Jones,mary.jones@example.com,False,LEGITIMATE,0,
4526432,2025-10-25 22:42:37,2025-10-26 22:42:37,223.37,5,10823,XXXXXXXXXXXX6163,James Garcia,Los Angeles,CA,76101,Amazon,US BANK,James,Garcia,james.garcia@example.com,False,LEGITIMATE,0,
4526433,2025-10-25 23:07:37,2025-10-26 23:07:37,362.39,5,11628,XXXXXXXXXXXX3588,Michael Thomas,Fort Worth,TX,88851,Walgreens,DISCOVER BANK,Michael,Thomas,michael.thomas@example.com,False,LEGITIMATE,0,
4526434,2025-10-25 23:21:37,2025-10-27 23:21:37,288.5,5,6809,XXXXXXXXXXXX2017,Mary Garcia,Tucson,AZ,52778,McDonald's,WELLS FARGO,Mary,Garcia,mary.garcia@example.com,False,LEGITIMATE,0,
4526436,2025-10-25 23:33:37,2025-10-28 23:33:37,1188.78,5,12927,XXXXXXXXXXXX0236,Christopher Smith,Portland,OR,73193,Kroger,TRUIST BANK,Christopher,Smith,christopher.smith@example.com,True,ACCOUNT_TAKEOVER,90,account_takeover_unusual_location|account_takeover_large_amount
4526438,2025-10-26 00:05:37,2025-10-29 00:05:37,563.15,5,12927,XXXXXXXXXXXX8214,Christopher Brown,Portland,OR,88869,Target,WELLS FARGO,Christopher,Brown,christopher.brown@example.com,True,ACCOUNT_TAKEOVER,90,account_takeover_unusual_location|account_takeover_large_amount
4526439,2025-10-26 01:01:37,2025-10-29 01:01:37,155.43,5,11452,XXXXXXXXXXXX2720,Joseph Taylor,Atlanta,GA,48182,Walmart,AMERICAN EXPRESS,Joseph,Taylor,joseph.taylor@example.com,False,LEGITIMATE,0,
4526440,2025-10-26 01:20:37,2025-10-29 01:20:37,135.91,5,14760,XXXXXXXXXXXX3599,Joseph Rodriguez,San Diego,CA,73831,Apple,REGIONS BANK,Joseph,Rodriguez,joseph.rodriguez@example.com,False,LEGITIMATE,0,
4526441,2025-10-26 01:58:37,2025-10-27 01:58:37,474.85,5,15656,XXXXXXXXXXXX8202,Susan Jackson,Boston,MA,15494,Walmart,CAPITAL ONE,Susan,Jackson,susan.jackson@example.com,False,LEGITIMATE,0,
4526442,2025-10-26 02:00:37,2025-10-27 02:00:37,135.37,5,15133,XXXXXXXXXXXX8755,Richard Thompson,Fresno,CA,72287,Apple,AMERICAN EXPRESS,Richard,Thompson,richard.thompson@example.com,False,LEGITIMATE,0,
4526443,2025-10-26 02:11:37,2025-10-29 02:11:37,487.42,5,9531,XXXXXXXXXXXX2589,John Hernandez,San Jose,CA,14293,Costco,CITIBANK,John,Hernandez,john.hernandez@example.com,False,LEGITIMATE,0,
4526444,2025-10-26 03:03:37,2025-10-28 03:03:37,137.07,5,9786,XXXXXXXXXXXX4122,Sarah Perez,San Diego,CA,40704,Amazon,PNC BANK,Sarah,Perez,sarah.perez@example.com,False,LEGITIMATE,0,
4526445,2025-10-26 03:20:37,2025-10-27 03:20:37,307.27,5,13623,XXXXXXXXXXXX3449,Nancy Johnson,Memphis,TN,73658,Costco,WELLS FARGO,Nancy,Johnson,nancy.johnson@example.com,False,LEGITIMATE,0,
4526446,2025-10-26 03:39:37,2025-10-27 03:39:37,33.69,5,6483,XXXXXXXXXXXX2144,Jennifer Smith,New York,NY,43175,Walmart,TD BANK,Jennifer,Smith,jennifer.smith@example.com,False,LEGITIMATE,0,
4526447,2025-10-26 04:08:37,2025-10-28 04:08:37,443.65,5,7526,XXXXXXXXXXXX6978,Jennifer Miller,Albuquerque,NM,45899,CVS Pharmacy,CITIBANK,Jennifer,Miller,jennifer.miller@example.com,False,LEGITIMATE,0,
4526448,2025-10-26 04:57:37,2025-10-27 04:57:37,59.97,5,12631,XXXXXXXXXXXX2385,William Thompson,San Antonio,TX,60047,Costco,TRUIST BANK,William,Thompson,william.thompson@example.com,False,LEGITIMATE,0,
4526449,2025-10-26 05:32:37,2025-10-29 05:32:37,252.15,5,11512,XXXXXXXXXXXX2464,Richard Miller,Fort Worth,TX,64215,Target,SYNCHRONY BANK,Richard,Miller,richard.miller@example.com,False,LEGITIMATE,0,
4526450,2025-10-26 06:21:37,2025-10-27 06:21:37,59.26,5,7513,XXXXXXXXXXXX0419,John Lee,Dallas,TX,93698,Best Buy,CHASE BANK,John,Lee,john.lee@example.com,False,LEGITIMATE,0,
4526451,2025-10-26 06:33:37,2025-10-27 06:33:37,9.2,5,13907,XXXXXXXXXXXX3594,Robert Taylor,Mesa,AZ,25650,Costco,TRUIST BANK,Robert,Taylor,robert.taylor@example.com,False,LEGITIMATE,0,
4526452,2025-10-26 07:13:37,2025-10-29 07:13:37,425.6,5,12081,XXXXXXXXXXXX0426,Karen Lopez,New York,NY,43913,Whole Foods,AMERICAN EXPRESS,Karen,Lopez,karen.lopez@example.com,False,LEGITIMATE,0,
4526453,2025-10-26 07:24:37,2025-10-27 07:24:37,293.52,5,13911,XXXXXXXXXXXX6943,Jennifer Rodriguez,Tucson,AZ,70626,Costco,DISCOVER BANK,Jennifer,Rodriguez,jennifer.rodriguez@example.com,False,LEGITIMATE,0,
4526454,2025-10-26 07:26:37,2025-10-29 07:26:37,389.22,5,15807,XXXXXXXXXXXX7311,Linda Perez,Las Vegas,NV,11734,Home Depot,SYNCHRONY BANK,Linda,Perez,linda.perez@example.com,False,LEGITIMATE,0,
4526455,2025-10-26 08:02:37,2025-10-29 08:02:37,401.9,5,8577,XXXXXXXXXXXX9321,Thomas Williams,Atlanta,GA,44315,Walgreens,SYNCHRONY BANK,Thomas,Williams,thomas.williams@example.com,False,LEGITIMATE,0,
4526456,2025-10-26 08:17:37,2025-10-27 08:17:37,110.24,5,15738,XXXXXXXXXXXX9434,Susan Jackson,Sacramento,CA,16565,Exxon,CITIBANK,Susan,Jackson,susan.jackson@example.com,False,LEGITIMATE,0,
4526457,2025-10-26 09:09:37,2025-10-28 09:09:37,315.32,5,15325,XXXXXXXXXXXX7097,Barbara Perez,Phoenix,AZ,22780,McDonald's,TRUIST BANK,Barbara,Perez,barbara.perez@example.com,False,LEGITIMATE,0,
4526458,2025-10-26 09:26:37,2025-10-28 09:26:37,48.77,5,14589,XXXXXXXXXXXX6672,Mary Lee,Mesa,AZ,14676,Shell Gas,CAPITAL ONE,Mary,Lee,mary.lee@example.com,False,LEGITIMATE,0,
4526459,2025-10-26 09:59:37,2025-10-28 09:59:37,174.66,5,15827,XXXXXXXXXXXX6693,Richard Hernandez,San Jose,CA,14237,Walgreens,CHASE BANK,Richard,Hernandez,richard.hernandez@example.com,False,LEGITIMATE,0,
4526460,2025-10-26 10:37:37,2025-10-27 10:37:37,383.89,5,12376,XXXXXXXXXXXX9121,Jessica Smith,San Diego,CA,47874,Whole Foods,BANK OF AMERICA,Jessica,Smith,jessica.smith@example.com,False,LEGITIMATE,0,
4526462,2025-10-26 11:10:37,2025-10-28 11:10:37,1516.89,5,12927,XXXXXXXXXXXX5301,Charles Lee,Seattle,WA,23012,Apple,CITIBANK,Charles,Lee,charles.lee@example.com,True,ACCOUNT_TAKEOVER,90,account_takeover_unusual_location|account_takeover_large_amount
4526463,2025-10-26 11:33:37,2025-10-29 11:33:37,354.44,5,9133,XXXXXXXXXXXX4788,Susan Williams,Albuquerque,NM,38315,Shell Gas,AMERICAN EXPRESS,Susan,Williams,susan.williams@example.com,False,LEGITIMATE,0,
4526464,2025-10-26 12:17:37,2025-10-29 12:17:37,246.47,5,6809,XXXXXXXXXXXX5797,Susan Johnson,San Diego,CA,29306,Whole Foods,CITIBANK,Susan,Johnson,susan.johnson@example.com,False,LEGITIMATE,0,
4526465,2025-10-26 13:08:37,2025-10-29 13:08:37,367.63,5,15818,XXXXXXXXXXXX8845,John Perez,Portland,OR,96394,Target,FIFTH THIRD BANK,John,Perez,john.perez@example.com,False,LEGITIMATE,0,
4526466,2025-10-26 13:24:37,2025-10-27 13:24:37,444.9,5,14954,XXXXXXXXXXXX8411,Robert Lopez,San Antonio,TX,43853,Microsoft,CAPITAL ONE,Robert,Lopez,robert.lopez@example.com,False,LEGITIMATE,0,
4526467,2025-10-26 14:03:37,2025-10-27 14:03:37,367.37,5,7979,XXXXXXXXXXXX3467,Linda Smith,Nashville,TN,83008,CVS Pharmacy,AMERICAN EXPRESS,Linda,Smith,linda.smith@example.com,False,LEGITIMATE,0,
4526469,2025-10-26 14:32:37,2025-10-29 14:32:37,1636.31,5,12927,XXXXXXXXXXXX4147,Linda Thomas,Seattle,WA,55715,Exxon,REGIONS BANK,Linda,Thomas,linda.thomas@example.com,True,ACCOUNT_TAKEOVER,90,account_takeover_unusual_location|account_takeover_large_amount
4526470,2025-10-26 15:16:37,2025-10-27 15:16:37,226.36,5,8665,XXXXXXXXXXXX3786,Michael Davis,Louisville,KY,65098,Home Depot,CITIBANK,Michael,Davis,michael.davis@example.com,False,LEGITIMATE,0,
4526471,2025-10-26 16:03:37,2025-10-27 16:03:37,180.86,5,8106,XXXXXXXXXXXX5299,Sarah Jackson,Columbus,OH,54010,McDonald's,REGIONS BANK,Sarah,Jackson,sarah.jackson@example.com,False,LEGITIMATE,0,
4526472,2025-10-26 16:14:37,2025-10-29 16:14:37,177.65,5,16019,XXXXXXXXXXXX4035,Richard Rodriguez,Milwaukee,WI,60920,Home Depot,US BANK,Richard,Rodriguez,richard.rodriguez@example.com,False,LEGITIMATE,0,
4526473,2025-10-26 16:21:37,2025-10-29 16:21:37,243.74,5,7052,XXXXXXXXXXXX9116,Robert Johnson,Milwaukee,WI,46502,Best Buy,DISCOVER BANK,Robert,Johnson,robert.johnson@example.com,False,LEGITIMATE,0,
4526475,2025-10-26 17:04:37,2025-10-29 17:04:37,1411.71,5,12927,XXXXXXXXXXXX6489,Robert Miller,Seattle,WA,55542,McDonald's,AMERICAN EXPRESS,Robert,Miller,robert.miller@example.com,True,ACCOUNT_TAKEOVER,90,account_takeover_unusual_location|account_takeover_large_amount
4526476,2025-10-26 18:01:37,2025-10-29 18:01:37,234.55,5,9005,XXXXXXXXXXXX5108,Nancy Thomas,Philadelphia,PA,51047,Netflix,TRUIST BANK,Nancy,Thomas,nancy.thomas@example.com,False,LEGITIMATE,0,
4526477,2025-10-26 18:08:37,2025-10-29 18:08:37,1959.64,5,7102,XXXXXXXXXXXX3602,Richard Jones,Fort Worth,TX,30852,Netflix,AMERICAN EXPRESS,Richard,Jones,richard.jones@example.com,False,LEGITIMATE,0,
4526478,2025-10-26 18:50:37,2025-10-29 18:50:37,444.43,5,16392,XXXXXXXXXXXX5355,James Smith,Charlotte,NC,95472,CVS Pharmacy,BANK OF AMERICA,James,Smith,james.smith@example.com,False,LEGITIMATE,0,
4526480,2025-10-26 19:30:37,2025-10-27 19:30:37,623.71,5,12927,XXXXXXXXXXXX4599,William Miller,Seattle,WA,22609,Shell Gas,FIFTH THIRD BANK,William,Miller,william.miller@example.com,True,ACCOUNT_TAKEOVER,90,account_takeover_unusual_location|account_takeover_large_amount
4526481,2025-10-26 20:25:37,2025-10-29 20:25:37,355.6,5,9307,XXXXXXXXXXXX4163,William Williams,Chicago,IL,54796,Best Buy,FIFTH THIRD BANK,William,Williams,william.williams@example.com,False,LEGITIMATE,0,
4526482,2025-10-26 20:56:37,2025-10-27 20:56:37,195.38,5,11346,XXXXXXXXXXXX3391,William Thomas,Houston,TX,81638,CVS Pharmacy,DISCOVER BANK,William,Thomas,william.thomas@example.com,False,LEGITIMATE,0,
4526483,2025-10-26 21:42:37,2025-10-28 21:42:37,469.73,5,16335,XXXXXXXXXXXX8652,Susan Lee,Memphis,TN,66447,Best Buy,SYNCHRONY BANK,Susan,Lee,susan.lee@example.com,False,LEGITIMATE,0,
4526484,2025-10-26 22:10:37,2025-10-27 22:10:37,397.88,5,8831,XXXXXXXXXXXX4434,Elizabeth Lopez,Boston,MA,12131,Kroger,PNC BANK,Elizabeth,Lopez,elizabeth.lopez@example.com,False,LEGITIMATE,0,
4526485,2025-10-26 22:39:37,2025-10-27 22:39:37,132.61,5,8168,XXXXXXXXXXXX6194,Charles Smith,Fort Worth,TX,83176,Starbucks,SYNCHRONY BANK,Charles,Smith,charles.smith@example.com,False,LEGITIMATE,0,
4526486,2025-10-26 23:09:37,2025-10-27 23:09:37,453.18,5,6642,XXXXXXXXXXXX4661,Karen Martinez,Boston,MA,19750,Amazon,FIFTH THIRD BANK,Karen,Martinez,karen.martinez@example.com,False,LEGITIMATE,0,
4526488,2025-10-26 23:48:37,2025-10-27 23:48:37,808.24,5,12927,XXXXXXXXXXXX6630,James Jones,Portland,OR,85532,CVS Pharmacy,TD BANK,James,Jones,james.jones@example.com,True,ACCOUNT_TAKEOVER,90,account_takeover_unusual_location|account_takeover_large_amount
4526489,2025-10-27 00:27:37,2025-10-28 00:27:37,34.85,5,11334,XXXXXXXXXXXX6742,Richard Martin,Chicago,IL,60914,Microsoft,CHASE BANK,Richard,Martin,richard.martin@example.com,False,LEGITIMATE,0,
4526490,2025-10-27 00:49:37,2025-10-28 00:49:37,103.07,5,13757,XXXXXXXXXXXX6290,Karen Miller,Milwaukee,WI,44685,Walmart,PNC BANK,Karen,Miller,karen.miller@example.com,False,LEGITIMATE,0,
4526491,2025-10-27 01:40:37,2025-10-30 01:40:37,430.09,5,10557,XXXXXXXXXXXX5626,Charles Martin,San Francisco,CA,46658,Shell Gas,DISCOVER BANK,Charles,Martin,charles.martin@example.com,False,LEGITIMATE,0,
4526492,2025-10-27 02:32:37,2025-10-30 02:32:37,265.03,5,8936,XXXXXXXXXXXX3878,Susan Thomas,Indianapolis,IN,17881,Walgreens,TRUIST BANK,Susan,Thomas,susan.thomas@example.com,False,LEGITIMATE,0,
4526494,2025-10-27 03:19:37,2025-10-29 03:19:37,1981.35,5,12927,XXXXXXXXXXXX9086,Charles Smith,Portland,OR,91228,Amazon,DISCOVER BANK,Charles,Smith,charles.smith@example.com,True,ACCOUNT_TAKEOVER,90,account_takeover_unusual_location|account_takeover_large_amount
4526496,2025-10-27 03:44:37,2025-10-28 03:44:37,696.99,5,12927,XXXXXXXXXXXX4430,Karen Brown,Seattle,WA,77765,Netflix,REGIONS BANK,Karen,Brown,karen.brown@example.com,True,ACCOUNT_TAKEOVER,90,account_takeover_unusual_location|account_takeover_large_amount
4526497,2025-10-27 03:51:37,2025-10-30 03:51:37,440.0,5,13395,XXXXXXXXXXXX0608,Jennifer Miller,New York,NY,50081,Best Buy,CHASE BANK,Jennifer,Miller,jennifer.miller@example.com,False,LEGITIMATE,0,
4526498,2025-10-27 04:39:37,2025-10-28 04:39:37,195.98,5,10149,XXXXXXXXXXXX8591,Elizabeth Smith,Houston,TX,99552,Exxon,CHASE BANK,Elizabeth,Smith,elizabeth.smith@example.com,False,LEGITIMATE,0,
4526499,2025-10-27 05:19:37,2025-10-28 05:19:37,304.7,5,12861,XXXXXXXXXXXX7933,Michael Taylor,Chicago,IL,67825,Best Buy,WELLS FARGO,Michael,Taylor,michael.taylor@example.com,False,LEGITIMATE,0,
4526500,2025-10-27 06:01:37,2025-10-28 06:01:37,268.15,5,7919,XXXXXXXXXXXX1156,Mary Thompson,Phoenix,AZ,72648,Amazon,WELLS FARGO,Mary,Thompson,mary.thompson@example.com,False,LEGITIMATE,0,
4526501,2025-10-27 06:05:37,2025-10-30 06:05:37,139.3,5,9443,XXXXXXXXXXXX3308,Mary Gonzalez,New York,NY,23527,Walmart,CITIBANK,Mary,Gonzalez,mary.gonzalez@example.com,False,LEGITIMATE,0,
4526502,2025-10-27 06:26:37,2025-10-30 06:26:37,280.0,5,16104,XXXXXXXXXXXX0160,Susan Rodriguez,Mesa,AZ,54423,Home Depot,REGIONS BANK,Susan,Rodriguez,susan.rodriguez@example.com,False,LEGITIMATE,0,
4526503,2025-10-27 06:30:37,2025-10-29 06:30:37,143.37,5,12814,XXXXXXXXXXXX5260,Patricia Davis,Seattle,WA,58696,Apple,SYNCHRONY BANK,Patricia,Davis,patricia.davis@example.com,False,LEGITIMATE,0,
4526504,2025-10-27 06:57:37,2025-10-30 06:57:37,28.13,5,9668,XXXXXXXXXXXX4909,Jessica Hernandez,Charlotte,NC,94369,Apple,DISCOVER BANK,Jessica,Hernandez,jessica.hernandez@example.com,False,LEGITIMATE,0,
4526505,2025-10-27 07:45:37,2025-10-30 07:45:37,463.2,5,8799,XXXXXXXXXXXX5620,Linda Smith,Detroit,MI,22807,McDonald's,REGIONS BANK,Linda,Smith,linda.smith@example.com,False,LEGITIMATE,0,
